# word,quad,pos,reformed
# Reformed by script using Examples/oxford.yaml and Examples/non-oxford.yaml

word,quad,pos,reformed
a,-,article determiner,a
abandon,1,verb,abandon
abbreviate,-,-,abbreviate
abbreviation,-,-,abbreviation
abdomen,-,-,abdomen
ability,-,-,ability
able,-,-,able
abnormal,-,-,abnormal
abnormality,-,-,abnormality
aboard,1,preposition,aboard
aboard,2,adverb,aboard
abolish,-,-,abollish
abortion,-,-,abortion
about,1,preposition,about
about,2,adverb,about
about,3,adjective,about
above,1,adverb preposition,above
above,2,adjective,above
abroad,-,-,abraud
abrupt,-,-,abrupt
abruptly,-,-,abruptly
absence,-,-,absence
absent,1,adjective,absent
absolute,1,adjective,absolute
absolutely,-,-,absolutely
absorb,-,-,absorb
abstain,-,-,abstain
abstract,1,adjective,abstract
abstract,2,noun,abstract
absurd,-,-,absurd
abundance,-,-,abundance
abundant,-,-,abundant
abuse,1,noun,abuse
abuse,2,verb,abuse
academic,1,adjective,academic
academic,2,noun,academic
accelerate,-,-,accelerate
acceleration,-,-,acceleration
accent,1,noun,accent
accept,-,-,accept
acceptable,-,-,acceptable
acceptance,-,-,acceptance
accepted,-,-,accepted
access,1,noun,access
access,2,verb,access
accessible,-,-,accessible
accessory,-,-,accessory
accident,-,-,accident
accidental,-,-,accidental
accidentally,-,-,accidentally
accommodate,-,-,accommodate
accommodation,-,-,accommodation
accompany,-,-,accompany
accomplish,-,-,accomplish
accomplishment,-,-,accompletion
accord,1,noun,accord
accordance,-,-,accordance
accordingly,-,-,accordingly
according,-,preposition,according
account,1,noun,account
account,2,verb,account
accountable,-,-,accomputable
accountant,-,-,accountant
accounting,-,-,accounting
accumulate,-,-,accumulate
accuracy,-,-,accuracy
accurate,-,-,accurate
accusation,-,-,accusation
accuse,-,-,accuse
accustom,-,-,accustom
ache,1,verb,ache
ache,2,noun,ache
achieve,-,-,acheve
achievement,-,-,achievement
acid,1,noun,acid
acknowledge,-,-,acknolledge
acknowledgement,-,-,acknowledgement
acoustic,-,-,acoustic
acquaintance,-,-,acquaintance
acquainted,-,-,acquainted
acquire,-,-,acquire
acre,-,-,acre
acrimonious,-,-,acrimonious
across,-,preposition,across
act,1,noun,act
act,2,verb,act
action,1,noun,action
active,1,adjective,active
actively,-,-,actively
activist,-,-,activist
activity,-,-,activity
actor,-,-,actor
actress,-,-,actrix
actual,-,-,actual
actually,-,-,actually
acute,-,-,acute
acutely,-,-,acutely
ad,-,-,ad
adapt,-,-,adapt
add,-,-,add
added,-,-,added
addict,-,-,addict
addicted,-,-,addicted
addiction,-,-,addiction
addictive,-,-,addictive
addition,-,-,addition
additional,-,-,additional
additionally,-,-,additionally
address,1,noun,address
address,2,verb,address
adequate,-,-,adequate
adequately,-,-,adequately
adhere,-,-,ad·here
adjacent,-,-,adjacent
adjective,-,-,adjective
adjourn,-,-,adjourn
adjust,-,-,adjust
adjustment,-,-,adjustment
administer,-,-,administer
administration,-,-,administration
administrative,-,-,administrative
administrator,-,-,administrator
admirable,-,-,admirable
admiration,-,-,admiration
admire,-,-,admire
admirer,-,-,admirer
admission,-,-,admission
admit,-,-,admit
admittedly,-,-,admittedly
adolescence,-,-,adolescence
adolescent,-,-,adolescent
adopt,-,-,adopt
adore,-,-,adore
adult,1,noun,adult
adult,2,adjective,adult
advance,1,noun,advance
advance,2,verb,advance
advanced,-,-,advanced
advantage,-,-,advantage
advantageous,-,-,advantageous
advent,-,-,advent
adventure,-,-,adventure
adventurous,-,-,adventurous
adverb,-,-,adverb
adversary,-,-,adversary
adverse,-,-,adverse
advert,1,noun,advert
advertise,-,-,advertize
advertisement,-,-,advertisement
advertising,-,-,advertising
advice,-,-,advice
advise,-,-,advise
adviser,-,-,adviser
advisory,1,adjective,advisory
advocate,1,verb,advocate
advocate,2,noun,advocate
aerial,1,adjective,aerial
aesthetic,1,adjective,esthetic
affair,-,-,affair
affect,-,-,affect
affection,-,-,affection
affectionate,-,-,affectionate
affinity,-,-,affinity
affirm,-,-,affirm
afflict,-,-,afflict
affluent,-,-,affluent
afford,-,-,afford
affordable,-,-,affordable
afraid,-,-,afraid
after,1,preposition conjunction adverb,after
after-effect,-,-,after-effect
aftermath,-,-,aftermath
afternoon,1,noun,afternoon
afterwards,-,-,afterwards
again,-,-,agen
against,-,-,agenst
age,1,noun,age
age,2,verb,age
aged,1,adjective,aged
agency,-,-,agency
agenda,-,-,agenda
agent,-,-,agent
aggravate,-,-,aggravate
aggression,-,-,aggression
aggressive,-,-,aggressive
agile,-,-,agile
ago,-,-,ago
agony,-,-,agony
agree,-,-,agree
agreed,-,-,agreed
agreement,-,-,agreement
agriculture,-,-,agriculture
ahead,-,-,ahed
aid,1,noun,aid
aid,2,verb,aid
aide,-,-,aid
ailment,-,-,ailment
aim,1,noun,aim
aim,2,verb,aim
air,1,noun,air
air,2,verb,air
aircraft,-,-,aircraft
air,-,noun,air
airline,-,-,airline
airport,-,-,airport
aisle,-,-,aisle
ajar,-,-,ajar
alarm,1,noun,alarm
alarm,2,verb,alarm
alarmed,-,-,alarmed
alarming,-,-,alarming
albeit,-,-,all-be-it
album,-,-,album
alcohol,-,-,alcohol
alcoholic,1,adjective,alcoholic
alcoholic,2,noun,alcoholic
alert,1,adjective,alert
alert,2,verb,alert
alibi,-,-,alibi
alien,1,adjective,alien
alien,2,noun,alien
alienate,-,-,alienate
alight,1,adjective,alight
align,-,-,align
alignment,-,-,alignment
alike,1,adjective,alike
alike,2,adverb,alike
alive,-,-,alive
all,1,determiner predeterminer pronou,all
all,2,adverb,all
allegation,-,-,allegation
allege,-,-,allege
allegedly,-,-,allegedly
allegiance,-,-,allegiance
allergic,-,-,allergic
allergy,-,-,allergy
alleviate,-,-,alleviate
alley,-,-,alley
alliance,-,-,alligance
allied,-,-,allied
allocate,-,-,allocate
allocation,-,-,allocation
allow,-,-,allow
allowance,-,-,allowing
allude,-,-,allude
ally,1,noun,ally
almighty,-,-,almighty
almost,-,-,allmost
alone,-,adverb,alone
along,1,adverb,along
along,2,preposition,along
alongside,-,preposition,alongside
aloud,-,-,aloud
alphabet,-,-,alphabet
alphabetical,-,-,alphabetical
already,-,-,allreddy
alright,-,adjective adverb interjection,alright
also,-,-,allso
altar,-,-,altar
alter,-,-,alter
alteration,-,-,alteration
alternate,1,adjective,alternate
alternate,2,verb,alternate
alternative,1,adjective,alternative
alternative,2,noun,alternative
alternatively,-,-,alternatively
although,-,-,alldho
altitude,-,-,altitude
altogether,1,adverb,all-togeddher
aluminium,-,-,aluminium
always,-,-,allways
a.m.,-,-,a.m.
amateur,1,noun,amator
amateur,2,adjective,amator
amaze,-,-,amaze
amazed,-,-,amazed
amazement,-,-,amazement
amazing,-,-,amazing
ambassador,-,-,ambassador
ambiguity,-,-,ambiguity
ambiguous,-,-,ambiguous
ambition,-,-,ambition
ambitious,-,-,ambitious
ambulance,-,-,ambulance
ambush,-,-,ambush
amend,-,-,emend
amendment,-,-,emendament
amenity,-,-,amenity
amicable,-,-,amicable
amid,-,-,amid
ammunition,-,-,ammunition
amnesty,-,-,amnesty
among,-,-,among
amount,1,noun,amount
amount,2,verb,amount
ample,-,-,ample
amuse,-,-,amuse
amused,-,-,amused
amusement,-,-,amusement
amusing,-,-,amusing
an,-,article determiner,an
anaesthetic,-,-,anaesthetic
anagram,-,-,anagram
analogous,-,-,analogous
analogy,-,-,analogy
analyse,-,-,analyse
analysis,-,-,analysis
analyst,-,-,analyst
analytical,-,-,analytical
anarchy,-,-,anarchy
anatomy,-,-,anatomy
ancestor,-,-,ancestor
ancient,1,adjective,ancient
and,-,-,and
anecdote,-,-,anecdote
angel,-,-,angel
anger,1,noun,anger
anger,2,verb,anger
angle,1,noun,angle
angry,-,-,angry
anguish,-,-,anguish
animal,1,noun,animal
animosity,-,-,animosity
ankle,-,-,ankle
anniversary,-,-,anniversary
announce,-,-,announce
announcement,-,-,announcement
annoy,-,-,annoy
annoyed,-,-,annoyed
annoying,-,-,annoying
annual,1,adjective,annual
annually,-,-,annually
anomaly,-,-,anomaly
anonymous,-,-,anonymous
another,-,pronoun,another
answer,1,noun,anser
answer,2,verb,anser
ant,-,-,ant
anthem,-,-,anthem
anthology,-,-,anthology
antibiotic,-,-,antibiotic
anticipate,-,-,anticipate
anticipation,-,-,anticipation
antidote,-,-,antidote
antique,1,adjective,antique
antique,2,noun,antique
antonym,-,-,antonym
anxiety,-,-,anxiety
anxious,-,-,anxious
any,1,determiner pronoun,any
any,2,adverb,any
anybody,-,-,anybody
anyhow,-,-,anyhow
anymore,-,-,anymore
anyone,-,-,anyone
anything,-,-,anything
anytime,-,-,anytime
anyway,-,-,anyway
anywhere,-,-,anywhere
apart,-,adjective,apart
apartment,-,-,apartment
apathetic,-,-,apathetic
apathy,-,-,apathy
ape,1,noun,ape
apologetic,-,-,apologetic
apologize,-,-,apologize
apology,-,-,apology
appal,-,-,appal
appalled,-,-,appalled
appalling,-,-,appalling
apparatus,-,-,apparatus
apparent,-,-,apparent
apparently,-,-,apparently
appeal,1,noun,appeal
appeal,2,verb,appeal
appear,-,-,appear
appearance,-,-,apparence
appendix,-,-,appendix
appetite,-,-,appetite
appetizing,-,-,appetizing
applaud,-,-,applaud
applause,-,-,applause
apple,-,-,apple
applicant,-,-,applicant
application,-,-,application
applied,-,-,applied
apply,-,-,apply
appoint,-,-,appoint
appointment,-,-,appointment
appraisal,-,-,appraisal
appreciate,-,-,appreciate
appreciation,-,-,appreciation
apprehension,-,-,apprehension
apprehensive,-,-,apprehensive
apprentice,-,-,apprentice
approach,1,noun,approach
approach,2,verb,approach
appropriate,1,adjective,appropriate
appropriately,-,-,appropriately
approval,-,-,approoval
approve,-,-,approove
approximate,1,adjective,approximate
approximately,-,-,approximately
approximation,-,-,approximation
April,-,-,April
apron,-,-,apron
apt,-,-,apt
aquarium,-,-,aquarium
arbitrary,-,-,arbitrary
arc,-,-,arc
arch,1,noun,arch
archaeology,-,-,archaeology
architect,-,-,architect
architecture,-,-,architecture
archive,1,noun,arkhive
area,-,-,area
arena,-,-,arena
arguable,-,-,arguble
arguably,-,-,arguably
argue,-,-,argue
argument,-,-,argument
argumentative,-,-,argumentative
arise,-,-,arise
arithmetic,1,noun,arithmetic
arm,1,noun,arm
armchair,1,noun,armchair
armed,-,-,armed
armour,-,-,armour
army,-,-,army
aroma,-,-,aroma
around,-,preposition,around
arouse,-,-,arouse
arrange,-,-,arrange
arrangement,-,-,arrangement
array,1,noun,array
arrest,1,verb,arrest
arrest,2,noun,arrest
arrival,-,-,arrival
arrive,-,-,arrive
arrogance,-,-,arrogance
arrogant,-,-,arrogant
arrow,-,-,arro
art,1,noun,árt
artefact,-,-,artefact
article,-,-,article
articulate,1,verb,articulate
articulate,2,adjective,articulate
artificial,-,-,artificial
artist,-,-,artist
artistic,-,-,artistic
artwork,-,-,artwork
as,1,preposition adverb,as
as,2,conjunction,as
ascend,-,-,ascend
ascertain,-,-,ascertain
ash,-,-,ash
ashamed,-,-,ashamed
aside,1,adverb,aside
ask,1,verb,ask
asleep,-,-,asleep
aspect,-,-,aspect
aspiration,-,-,aspiration
aspire,-,-,aspire
aspirin,-,-,aspirin
assassin,-,-,assassin
assassinate,-,-,assassinate
assassination,-,-,assassination
assault,1,noun,assault
assault,2,verb,assault
assemble,-,-,assemble
assembly,-,-,assembly
assert,-,-,assert
assertion,-,-,assertion
assertive,-,-,assertive
assess,-,-,assess
assessment,-,-,assessment
asset,-,-,asset
assign,-,-,assign
assignment,-,-,assignment
assist,1,verb,assist
assistance,-,-,assistance
assistant,1,adjective,assistant
assistant,2,noun,assistant
associate,1,verb,associate
associate,2,noun,associate
association,-,-,association
assume,-,-,assume
assumption,-,-,assumption
assurance,-,-,assurance
assure,-,-,assure
assured,-,-,assured
asthma,-,-,asthma
astonish,-,-,astonnish
astonished,-,-,astonished
astonishing,-,-,astonishing
astonishment,-,-,astonition
astronaut,-,-,astronaut
astronomy,-,-,astronomy
astute,-,-,astute
asylum,-,-,asylum
at,-,-,at
athlete,-,-,athlete
athletic,-,-,athletic
athletics,-,-,athletics
atlas,-,-,atlas
atmosphere,-,-,atmosphere
atom,-,-,atom
atomic,-,-,atomic
attach,-,-,attach
attachment,-,-,attachment
attack,1,noun,attack
attack,2,verb,attack
attacker,-,-,attacker
attain,-,-,attain
attainment,-,-,attainment
attempt,1,noun,attempt
attempt,2,verb,attempt
attend,-,-,attend
attendance,-,-,attendance
attention,-,-,attention
attic,-,-,attic
attitude,-,-,attitude
attorney,-,-,attorney
attract,-,-,attract
attraction,-,-,attraction
attractive,-,-,attractive
attribute,1,verb,attribute
attribute,2,noun,attribute
atypical,-,-,atypical
auction,1,noun,auction
audience,-,-,audience
auditorium,-,-,auditorium
augment,-,-,augment
August,-,-,August
aunt,-,-,aunt
aura,-,-,aura
austere,-,-,austere
authentic,-,-,authentic
author,1,noun,author
authoritarian,-,-,authoritarian
authoritative,-,-,authoritative
authority,-,-,authority
authorization,-,-,authorization
authorize,-,-,authorize
autobiography,-,-,autobiography
automatic,1,adjective,automatic
automatically,-,-,automatically
automobile,-,-,automobile
autonomous,-,-,autonomous
autonomy,-,-,autonnomy
autumn,-,-,fall
availability,-,-,availability
available,-,-,available
avalanche,-,-,avalanche
avenue,-,-,avenue
average,1,adjective,average
average,2,noun,average
average,3,verb,average
avert,-,-,avert
avoid,-,-,avoid
await,-,-,await
awake,1,adjective,awake
awaken,-,-,awaken
award,1,noun,award
award,2,verb,award
aware,-,-,aware
awareness,-,-,awareness
away,1,adverb,away
awe,1,noun,awe
awesome,-,-,awesome
awful,1,adjective,awful
awkward,-,-,awkward
axe,1,noun,axe
axis,-,-,axis
baby,1,noun,baby
bachelor,-,-,bachelor
back,1,adverb,back
back,2,noun,back
back,3,verb,back
back,4,adjective,back
backbone,-,-,backbone
backfire,-,-,backfire
background,-,-,background
backing,-,-,backing
backpack,-,-,backpack
backslash,-,-,backslash
backup,-,-,backup
backward,-,-,backward
backwards,-,-,backwards
bacon,-,-,bacon
bacteria,-,-,bacteria
bad,1,adjective,bad
badge,-,-,badge
badly,-,-,badly
bad-tempered,-,-,bad-tempered
baffle,1,verb,baffle
bag,1,noun,bag
baggage,-,-,baggage
bail,1,noun,bail
bait,1,noun,bait
bake,-,-,bake
baker,-,-,baker
bakery,-,-,bakery
balance,1,noun,ballance
balance,2,verb,ballance
balanced,-,-,balanced
balcony,-,-,balcony
bald,-,-,bald
ball,1,noun,ball
ballad,-,-,ballad
ballerina,-,-,ballerina
ballet,-,-,ballet
balloon,1,noun,balloon
ballot,1,noun,[ball, ball-lot]
ban,1,noun,ban
ban,2,verb,ban
banal,-,-,banal
banana,-,-,banana
band,1,noun,band
bandage,1,noun,bandage
bang,1,noun,bang
bang,2,verb,bang
banish,-,-,banish
bank,1,noun,bank
banker,-,-,banker
banking,-,-,banking
bankrupt,1,adjective,bankrupt
bankruptcy,-,-,bankruptcy
banner,-,-,banner
banquet,-,-,banquet
baptism,-,-,baptism
baptize,-,-,baptize
bar,1,noun,bar
bar,2,verb,bar
barbaric,-,-,barbaric
barbecue,1,noun,barbecue
bar,-,noun,bar
bare,1,adjective,bare
barely,-,-,barely
bargain,1,noun,bargain
bargain,2,verb,bargain
bark,1,verb,bark
bark,2,noun,bark
barrage,1,noun,barrage
barrel,1,noun,barrel
barren,-,-,barren
barricade,1,noun,barricade
barrier,-,-,barrier
base,1,verb,base
base,2,noun,base
baseball,-,-,base-ball
basement,-,-,basement
basic,-,-,basic
basically,-,-,basically
basics,-,-,basics
basin,-,-,basin
basis,-,-,basis
basket,-,-,basket
basketball,-,-,basketball
bat,1,noun,bat
batch,-,-,batch
bath,1,noun,bath
bathe,1,verb,bathe
bathroom,-,-,bathroom
bathtub,-,-,bathtub
battery,-,-,battery
battle,1,noun,battle
battle,2,verb,battle
battlefield,-,-,battlefield
bay,1,noun,bay
bazaar,-,-,bazaar
be,1,auxiliary verb,be
be,2,verb,be
beach,1,noun,beach
beacon,-,-,beacon
bead,-,-,bead
beak,-,-,beak
beam,1,noun,beam
beam,2,verb,beam
bean,1,noun,bean
bear,1,verb,baer
bear,2,noun,baer
beard,1,noun,beard
beast,-,-,beast
beat,1,verb,beat
beat,2,noun,beat
beautiful,-,-,bewtiful
beauty,-,-,bewty
because,1,conjunction,because
because,2,preposition,because
beckon,-,-,beckon
become,-,-,becum
bed,1,noun,bed
bedroom,-,-,bedroom
bee,-,-,bee
beef,1,noun,beef
beep,-,-,beep
beer,-,-,beer
before,1,conjunction,before
before,2,preposition,before
before,3,adverb,before
beforehand,-,-,beforehand
beg,-,-,beg
beggar,1,noun,beggar
begin,-,-,begin
beginner,-,-,beginner
beginning,-,-,beginning
behalf,-,-,behalf
behave,-,-,behave
behaviour,-,-,behaving
behind,1,preposition adverb,behînd
being,1,noun,beïng
belief,-,-,beleef
believe,-,-,beleeve
believer,-,-,believer
bell,-,-,bell
belly,1,noun,belly
belong,-,-,belong
belongings,-,-,belongings
below,-,preposition,beloe
belt,1,noun,belt
bench,1,noun,bench
benchmark,1,noun,benchmark
bend,1,verb,bend
beneath,-,preposition,beneath
beneficial,-,-,beneficial
beneficiary,-,-,beneficiary
benefit,1,noun,bennefit
benefit,2,verb,bennefit
benign,-,-,benign
berry,-,-,berry
beside,-,-,beside
besides,-,preposition,besides
best,1,adjective,best
best,2,adverb,best
best,3,noun,best
bet,1,verb,bet
bet,2,noun,bet
betray,-,-,betray
betrayal,-,-,betrayal
better,1,adjective,better
better,2,adverb,better
better,3,noun,better
between,-,preposition,between
beverage,-,-,beverage
beware,-,-,beware
bewildered,-,-,bewildered
bewildering,-,-,bewildering
beyond,1,preposition adverb,beyond
bias,1,noun,biäs
biased,-,-,biased
bibliography,-,-,bibliography
bicycle,1,noun,bicycle
bid,1,noun,bid
bid,2,verb,bid
bidder,-,-,bidder
big,1,adjective,big
big-headed,-,-,big-headed
bike,1,noun,bike
bikini,-,-,bikini
bilateral,-,-,bilateral
bilingual,-,-,bilingual
bill,1,noun,bill
billion,-,-,billion
bin,1,noun,bin
bind,1,verb,bînd
binoculars,-,-,binoculars
biography,-,-,biography
biological,-,-,biological
biologist,-,-,biologist
biology,-,-,biöllogy
biotechnology,-,-,biotechnology
bird,-,-,bird
birth,-,-,birth
birthday,-,-,birthday
biscuit,-,-,biscuit
bit,1,adverb pronoun,bit
bit,2,noun,bit
bite,1,verb,bite
bite,2,noun,bite
bitter,1,adjective,bitter
bitterly,-,-,bitterly
bizarre,-,-,bizar
black,1,adjective,black
black,2,noun,black
blackboard,-,-,blackboard
blackmail,1,noun,blackmail
blackmail,2,verb,blackmail
blade,-,-,blade
blame,1,verb,blame
blame,2,noun,blame
bland,-,-,bland
blank,1,adjective,blank
blanket,1,noun,blanket
blare,-,-,blare
blast,1,noun,blast
blast,2,verb,blast
blatant,-,-,blatant
blaze,1,noun,blaze
blaze,2,verb,blaze
bleach,1,noun,bleach
bleak,-,-,bleak
bleed,-,-,bleed
blend,1,verb,blend
bless,-,-,bless
blessing,-,-,blessing
blind,1,adjective,bliind
blind,2,verb,bliind
blind,3,noun,bliind
blink,1,verb,blink
bliss,-,-,bliss
blister,1,noun,blister
blizzard,-,-,blizzard
block,1,noun,block
block,2,verb,block
blog,-,-,blog
bloke,-,-,bloke
blond,-,-,blond
blonde,1,adjective,blond
blood,1,noun,blud
blossom,1,noun,blossom
blossom,2,verb,blossom
blot,1,verb,blot
blouse,-,-,blouse
blow,1,verb,blo
blow,2,noun,blo
blue,1,adjective,blue
blue,2,noun,blue
blunt,1,adjective,blunt
bluntly,-,-,bluntly
blur,1,noun,blur
blur,2,verb,blur
blurred,-,-,blurred
blush,1,verb,blush
board,1,noun,board
board,2,verb,board
boast,1,verb,boast
boast,2,noun,boast
boastful,-,-,boastful
boat,-,-,boat
body,-,-,boddy
bodyguard,-,-,bodyguard
body,-,noun,boddy
boil,1,verb,boil
boiler,-,-,boiler
boiling,-,adverb,boiling
bold,-,-,bold
bolster,1,verb,bolster
bolt,1,noun,bolt
bolt,2,verb,bolt
bomb,1,noun,bomb
bomb,2,verb,bomb
bombard,-,-,bombard
bomber,-,-,bomber
bombing,-,-,bombing
bond,1,noun,bond
bone,1,noun,bone
bonus,-,-,bonus
book,1,noun,bwck
book,2,verb,bwck
bookcase,-,-,bookcase
booking,-,-,booking
booklet,-,-,booklet
bookshelf,-,-,bookshelf
bookshop,-,-,bookshop
boom,1,noun,boom
boom,2,verb,boom
boost,1,verb,boost
boost,2,noun,boost
boot,1,noun,boot
booth,-,-,booth
border,1,noun,border
borderline,1,adjective,borderline
bore,2,verb,bore
bore,3,noun,bore
bored,-,-,bored
boredom,-,-,boredom
boring,-,-,boring
born,1,verb,born
borrow,-,-,borro
boss,1,noun,boss
bossy,-,-,bossy
both,1,determiner predeterminer pron,boath
bother,1,verb,boddher
bottle,1,noun,bottle
bottom,1,noun,bottom
bottom,2,adjective,bottom
bounce,1,verb,bounce
bound,2,adjective,bound
boundary,-,-,boundary
bouquet,-,-,bouquet
bout,-,-,bout
boutique,1,noun,boutique
bow,1,verb,[bow, bo]
bow,2,noun,[bow, bo]
bowel,-,-,bowel
bowl,1,noun,boal
bowling,-,-,bowling
box,1,noun,box
box,2,verb,box
boxer,-,-,boxer
boxer,-,noun,boxer
boxing,-,-,boxing
boy,1,noun,boy
boycott,1,verb,boycott
boycott,2,noun,boycott
boyfriend,-,-,boyfrend
bra,-,-,bra
bracelet,-,-,bracelet
bracket,1,noun,bracket
brag,-,-,brag
brain,1,noun,brain
brainstorm,1,noun,brainstorm
brainwave,-,-,brainwave
brainy,-,-,brainy
brake,1,noun,brake
brake,2,verb,brake
branch,1,noun,branch
brand,1,noun,brand
brand,2,verb,brand
brand-new,-,-,brand-new
brass,-,-,brass
brave,1,adjective,brave
bravery,-,-,bravery
breach,1,noun,breach
breach,2,verb,breach
bread,-,-,bred
breadth,-,-,breadth
break,1,verb,brake
break,2,noun,brake
breakdown,-,-,brake-down
breakfast,-,-,brake-fast
breakthrough,-,-,brake-through
breast,1,noun,breast
breath,-,-,breth
breathe,-,-,breathe
breathing,-,-,breathing
breed,1,verb,breed
breed,2,noun,breed
breeze,1,noun,breeze
brew,1,verb,brew
brewery,-,-,brewery
bribe,1,verb,bribe
bribe,2,noun,bribe
bribery,-,-,bribery
brick,1,noun,brick
bride,-,-,bride
bridegroom,-,-,bridegroom
bridesmaid,-,-,bridesmaid
bridge,1,noun,bridge
bridge,2,verb,bridge
brief,1,adjective,breef
brief,2,noun,breef
brief,3,verb,breef
briefcase,-,-,briefcase
briefing,-,-,briefing
briefly,-,-,briefly
bright,-,-,bright
brilliant,-,-,brilliant
bring,-,-,bring
brink,-,-,brink
brisk,-,-,brisk
broad,1,adjective,braud
broadband,-,-,braud-band
broadcast,1,noun,braudcast
broadcast,2,verb,braudcast
broaden,-,-,broaden
broadly,-,-,brawdly
brochure,-,-,brochure
broken,2,adjective,broken
broker,1,noun,broker
bronze,1,noun,bronze
bronze,2,adjective,bronze
broom,-,-,broom
brother,1,noun,bruddher
brother-in-law,-,-,brother-in-law
brow,-,-,brow
brown,1,adjective,brown
brown,2,noun,brown
browse,-,-,brose
browser,-,-,browser
bruise,1,noun,bruise
bruise,2,verb,bruise
brunch,-,-,brunch
brush,1,noun,brush
brush,2,verb,brush
brutal,-,-,brutal
bubble,1,noun,bubble
bucket,1,noun,bucket
bud,1,noun,bud
budget,1,noun,budget
buffet,1,noun,buffet
bug,1,noun,bug
build,1,verb,bild
build,2,noun,bild
builder,-,-,builder
building,-,-,building
built-in,-,-,built-in
bulb,-,-,bulb
bulk,1,noun,bulk
bull,1,noun,bull
bullet,-,-,bullet
bulletin,-,-,bulletin
bully,1,noun,bully
bully,2,verb,bully
bum,1,noun,bum
bump,1,verb,bump
bump,2,noun,bump
bumpy,-,-,bumpy
bunch,1,noun,bunch
bundle,1,noun,bundle
bungalow,-,-,bungalow
burden,1,noun,burden
bureau,-,-,bureau
bureaucracy,-,-,burocracy
bureaucrat,-,-,bureaucrat
bureaucratic,-,-,bureaucratic
burger,-,-,burger
burglar,-,-,burglar
burglar,-,noun,burglar
burglary,-,-,burglary
burial,-,-,burial
burn,1,verb,burn
burn,2,noun,burn
burning,1,adjective,burning
burnt,2,adjective,burnt
burst,1,verb,burst
burst,2,noun,burst
bury,-,-,berry
bus,1,noun,bus
bush,-,-,bwsh
business,-,-,bizness
businessman,-,-,businessman
bus,-,noun,bus
bust,1,verb,bust
bust,2,noun,bust
busy,1,adjective,bizzy
but,1,conjunction,but
but,2,preposition,but
butcher,1,noun,butcher
butter,1,noun,butter
butterfly,-,-,butterfly
buttock,-,-,buttock
button,1,noun,button
buy,1,verb,buy
buyer,-,-,buyer
buzz,1,verb,buzz
by,1,preposition,by
by,2,adverb,by
bye,1,interjection,bye
cab,-,-,cab
cabbage,-,-,cabbage
cabin,-,-,cabbin
cabinet,-,-,cabbinet
cable,1,noun,cable
café,-,-,café
cafeteria,-,-,cafeteria
cage,1,noun,cage
cake,1,noun,cake
calcium,-,-,calcium
calculate,-,-,calculate
calculation,-,-,calculation
calculator,-,-,calculator
calendar,-,-,calendar
calf,-,-,calf
call,1,verb,call
call,2,noun,call
call,-,noun,call
calm,1,adjective,calm
calm,2,noun,calm
calm,3,verb,calm
calorie,-,-,calorie
camel,-,-,camel
camera,-,-,camera
camp,1,noun,camp
camp,2,verb,camp
campaign,1,noun,campane
campaign,2,verb,campane
campaigner,-,-,campaigner
camping,-,-,camping
campsite,-,-,campsite
campus,-,-,campus
can,1,modal verb,can
can,2,noun,can
canal,-,-,canal
cancel,-,-,cancel
cancellation,-,-,cancellation
cancer,-,-,cancer
candid,-,-,candid
candidate,-,-,candidate
candle,-,-,candle
candy,-,-,candy
cane,1,noun,cane
cannot,-,verb,can not
canoe,1,noun,canoe
can,-,noun,can
can't,-,-,can't
canvas,-,-,canvas
canyon,-,-,canyon
cap,1,noun,cap
capability,-,-,capability
capable,-,-,capable
capacity,-,-,capacity
cape,-,-,cape
capital,1,noun,capital
capital,2,adjective,capital
capitalism,-,-,capitalism
capitalist,1,noun,capitalist
capitalist,2,adjective,capitalist
capital,-,noun,capital
captain,1,noun,capten
capture,1,verb,capture
car,-,-,car
caravan,-,-,caravan
carbohydrate,-,-,carbohydrate
carbon,-,-,carbon
card,1,noun,card
cardigan,-,-,cardigan
care,1,noun,care
care,2,verb,care
career,1,noun,career
carefree,-,-,carefree
careful,-,-,careful
carefully,-,-,carefully
careless,-,-,careless
carer,-,-,carer
caretaker,-,-,caretaker
cargo,-,-,cargo
caring,-,-,caring
carnival,-,-,carnival
car,-,noun,car
carpenter,-,-,carpenter
carpet,1,noun,carpet
carriage,-,-,carriage
carrier,-,noun,carrier
carrot,-,-,carrot
carry,1,verb,carry
cart,1,noun,cart
carton,-,-,carton
cartoon,-,-,cartoon
carve,-,-,carve
case,1,noun,case
cash,1,noun,cash
cash,-,noun,cash
casino,-,-,gamblery
cast,1,verb,cast
cast,2,noun,cast
castle,-,-,cassle
casual,-,-,casual
casualty,-,-,casuality
cat,-,-,cat
catalogue,1,noun,catalog
catalyst,-,-,catalyst
catastrophe,-,-,catastrophe
catastrophic,-,-,catastrophic
catch,1,verb,catch
catch,2,noun,catch
categorize,-,-,categorize
category,-,-,category
cater,-,-,cater
cathedral,-,-,cathedral
cattle,-,-,cattle
cause,1,verb,cause
cause,2,noun,cause
caution,1,noun,caution
caution,2,verb,caution
cautious,-,-,cautious
cautiously,-,-,cautiously
cave,1,noun,cave
CD,-,-,CD
cease,1,verb,cease
ceasefire,-,-,ceasefire
ceiling,-,-,celing
celebrate,-,-,celebrate
celebration,-,-,celebration
celebrity,-,-,celebrity
cell,-,-,cell
cellar,-,-,cellar
cellphone,-,-,cellphone
cement,1,noun,cement
cemetery,-,-,cemetery
censor,1,verb,censor
censorship,-,-,censorship
census,-,-,census
cent,-,-,cent
centimetre,-,-,centimetre
central,-,-,central
central,-,noun,central
centre,1,noun,center
centre,2,verb,center
century,-,-,century
ceramics,-,-,ceramics
cereal,-,-,cereal
ceremony,-,-,ceremony
certain,1,adjective,certen
certainly,-,-,certenly
certainty,-,-,certity
certificate,-,-,certificate
cf,-,-,cf
chain,1,noun,chain
chair,1,noun,chair
chair,2,verb,chair
chairman,-,-,chairman
chalk,1,noun,chalk
challenge,1,noun,challenge
challenge,2,verb,challenge
challenging,-,-,challendging
chamber,-,-,chamber
champagne,-,-,champagne
champion,1,noun,champion
champion,2,verb,champion
championship,-,-,championship
chance,1,noun,chance
change,1,verb,change
change,2,noun,change
channel,1,noun,channel
channel,2,verb,channel
chant,1,verb,chant
chant,2,noun,chant
chaos,-,-,khaös
chaotic,-,-,chaotic
chap,-,-,chap
chapel,-,-,chapel
chapter,-,-,chapter
character,-,-,kharacter
characteristic,1,noun,kharacteristic
characteristic,2,adjective,kharacteristic
characterize,-,-,kharacterize
charge,1,noun,charge
charge,2,verb,charge
charisma,-,-,charisma
charismatic,-,-,charismatic
charity,-,-,charity
charm,1,noun,charm
charm,2,verb,charm
charming,-,-,charming
chart,1,noun,chart
chart,2,verb,chart
charter,1,noun,charter
chase,1,verb,chase
chase,2,noun,chase
chat,1,verb,chat
chat,2,noun,chat
cheap,1,adjective,cheap
cheat,1,verb,cheat
cheat,2,noun,cheat
check,1,verb,check
check,2,noun,check
checked,-,-,checked
checklist,-,-,checklist
checkout,-,-,checkout
checkpoint,-,-,checkpoint
cheek,1,noun,cheek
cheer,1,noun,cheer
cheer,2,verb,cheer
cheerful,-,-,cheerful
cheese,-,-,cheese
chef,-,-,cwck
chemical,1,noun,khemmical
chemical,2,adjective,khemmical
chemist,-,-,chemist
chemistry,-,-,khemmistry
cheque,-,-,cheque
cherish,-,-,cherish
cherry,-,-,cherry
chess,-,-,chess
chest,-,-,chest
chew,1,verb,chew
chewing,-,noun,chewing
chick,-,-,chick
chicken,1,noun,chicken
chief,1,adjective,cheef
chief,2,noun,cheef
chiefly,-,-,chiefly
child,-,-,chîld
childcare,-,-,childcare
childhood,-,-,chîldhwd
chill,1,noun,chill
chill,2,verb,chill
chilli,-,-,chilli
chilly,-,-,chilly
chimney,-,-,chimney
chimpanzee,-,-,chimpanzee
chin,-,-,chin
chip,1,noun,chip
chip,2,verb,chip
chocolate,-,-,chocolate
choice,1,noun,choice
choir,-,-,quire
choke,1,verb,choke
cholesterol,-,-,cholesterol
choose,-,-,choose
chop,1,verb,chop
chord,-,-,chord
chore,-,-,chore
chorus,1,noun,chorus
Christmas,-,-,Christmas
chronic,-,-,khronic
chronicle,1,noun,chronicle
chuckle,-,-,chuckle
chunk,-,-,chunk
chunky,-,-,chunky
church,-,-,church
churn,1,verb,churn
cigar,-,-,cigar
cigarette,-,-,ciggaret
cinema,-,-,cinema
circle,1,noun,circle
circle,2,verb,circle
circuit,-,-,cirkit
circular,1,adjective,circular
circulate,-,-,circulate
circulation,-,-,circulation
circumstance,-,-,circumstance
circus,-,-,circus
citation,-,-,citation
cite,-,-,cite
citizen,-,-,cittizen
citizenship,-,-,cittizenship
city,-,-,citty
civic,-,-,civic
civil,-,-,civvil
civilian,-,-,civilian
civilization,-,-,civilization
claim,1,verb,claim
claim,2,noun,claim
clan,-,-,clan
clap,1,verb,clap
clarify,-,-,clarify
clarity,-,-,clarity
clash,1,verb,clash
clash,2,noun,clash
clasp,1,verb,clasp
class,1,noun,class
class,2,verb,class
classic,1,adjective,classic
classic,2,noun,classic
classical,-,-,classical
classification,-,-,classification
classified,-,-,classified
classify,-,-,classify
classmate,-,-,classmate
classroom,-,-,classroom
clause,-,-,clause
claw,1,noun,claw
clay,-,-,clay
clean,1,adjective,clean
clean,2,verb,clean
cleaner,-,-,cleaner
clear,1,adjective,clear
clear,2,verb,clear
clear,3,adverb,clear
clearance,-,-,clearance
clearing,-,-,clearing
clearly,-,-,clearly
clench,-,-,clench
cleric,-,-,cleric
clerk,1,noun,clerk
clever,-,-,clevver
cliché,-,-,cliché
click,1,verb,click
click,2,noun,click
client,-,-,cliënt
cliff,-,-,cliff
climate,-,-,climate
climate,-,noun,climate
climax,1,noun,climax
climb,1,verb,clime
climb,2,noun,clime
climber,-,-,climber
climbing,-,-,climbing
clinch,1,verb,clinch
cling,-,-,cling
clinic,-,-,clinic
clinical,-,-,clinical
clip,1,noun,clip
clip,2,verb,clip
cloak,1,noun,cloak
clock,1,noun,clock
clone,1,noun,clone
clone,2,verb,clone
close,1,verb,close
close,2,adjective,close
close,3,adverb,close
close,4,noun,close
closed,-,-,closed
closely,-,-,closely
closet,1,noun,closet
closing,1,adjective,closing
closure,-,-,closure
cloth,-,-,cloth
clothe,-,-,clothe
clothes,-,-,clothes
clothing,-,-,clothing
cloud,1,noun,cloud
cloudy,-,-,cloudy
clown,1,noun,clown
club,1,noun,club
clue,1,noun,clue
clumsy,-,-,clumsy
cluster,1,noun,cluster
clutch,1,verb,clutch
clutch,2,noun,clutch
c/o,-,-,c/o
coach,1,noun,coach
coach,2,verb,coach
coal,-,-,coal
coalition,-,-,coälition
coarse,-,-,coarse
coast,1,noun,coast
coastline,-,-,coastline
coat,1,noun,coat
cock,1,noun,cock
cocktail,-,-,cocktail
cocoa,-,-,cocoa
code,1,noun,code
code,2,verb,code
coffee,-,-,coffee
coffin,-,-,coffin
cognitive,-,-,cognitive
coherent,-,-,coherent
cohesion,-,-,cohesion
coil,1,verb,coil
coin,1,noun,coin
coincide,-,-,coïncide
coincidence,-,-,coïncidence
cola,-,-,cola
cold,1,adjective,cold
cold,2,noun,cold
collaborate,-,-,collaborate
collaboration,-,-,collaboration
collaborative,-,-,collaborative
collapse,1,verb,collapse
collapse,2,noun,collapse
collar,1,noun,collar
colleague,-,-,colleague
collect,1,verb,collect
collection,-,-,collection
collective,1,adjective,collective
collectively,-,-,collectively
collector,-,-,collector
college,-,-,college
collide,-,-,collide
collision,-,-,collision
colloquial,-,-,colloquial
colon,-,-,colon
colonel,-,-,colonel
colonial,1,adjective,colonial
colony,-,-,colony
colour,1,noun,cullor
colour,2,verb,cullor
coloured,1,adjective,coloured
colourful,-,-,colourful
colouring,-,-,colouring
column,-,-,collumn
columnist,-,-,columnist
comb,1,noun,comb
comb,2,verb,comb
combat,1,noun,combat
combat,2,verb,combat
combination,-,-,combination
combine,1,verb,combine
combined,-,-,combined
come,1,verb,cum
comeback,-,-,comeback
comedian,-,-,comedian
comedy,-,-,commedy
comet,-,-,comet
comfort,1,noun,confort
comfort,2,verb,confort
comfortable,-,-,comfortable
comfortably,-,-,comfortably
comic,1,adjective,comic
comic,2,noun,comic
comma,-,-,comma
command,1,noun,command
command,2,verb,command
commander,-,-,commander
commemorate,-,-,commemorate
commence,-,-,commence
commend,-,-,commend
comment,1,noun,comment
comment,2,verb,comment
commentary,-,-,commentary
commentator,-,-,commentator
commerce,-,-,commerce
commercial,1,adjective,commercial
commercial,2,noun,commercial
commercially,-,-,commercially
commission,1,noun,commission
commission,2,verb,commission
commissioner,-,-,commissionator
commit,-,-,commit
commitment,-,-,commission
committed,-,-,committed
committee,-,-,committee
commodity,-,-,commodity
common,1,adjective,commun
common,2,noun,commun
commonly,-,-,commonly
commonplace,1,adjective,commonplace
common,-,noun,commun
communal,-,-,communal
communicate,-,-,communicate
communication,-,-,communication
communion,-,-,communion
communism,-,-,communism
communist,1,noun,communist
community,-,-,community
commute,1,verb,commute
commuter,-,-,commuter
compact,1,adjective,compact
companion,-,-,companion
company,-,-,company
comparable,-,-,comparable
comparative,1,adjective,comparative
comparatively,-,-,comparatively
compare,1,verb,compare
comparison,-,-,comparation
compartment,-,-,compartment
compass,-,-,compass
compassion,-,-,compassion
compassionate,-,-,compassionate
compatible,1,adjective,compatible
compel,-,-,compel
compelling,-,-,compelling
compensate,-,-,compensate
compensation,-,-,compensation
compete,-,-,compete
competence,-,-,competence
competent,-,-,competent
competition,-,-,competition
competitive,-,-,competitive
competitor,-,-,competitor
compile,-,-,compile
complain,-,-,complain
complaint,-,-,complancture
complement,1,verb,complement
complementary,-,-,complementary
complete,1,adjective,complete
complete,2,verb,complete
completely,-,-,completely
completion,-,-,completion
complex,1,adjective,complex
complex,2,noun,complex
complexity,-,-,complexity
complicate,-,-,complicate
complicated,-,-,complicated
complication,-,-,complication
compliment,1,noun,compliment
compliment,2,verb,compliment
comply,-,-,comply
component,1,noun,component
compose,-,-,compose
composer,-,-,composer
composition,-,-,composition
compound,1,noun,compound
comprehend,-,-,comprehend
comprehension,-,-,comprehension
comprehensive,-,-,comprehensive
comprise,-,-,comprise
compromise,1,noun,compromise
compromise,2,verb,compromise
compulsory,-,-,compulsory
computer,-,-,computator
computing,-,-,computing
conceal,-,-,conceal
concede,-,-,concede
conceited,-,-,conceited
conceivable,-,-,conceivable
conceive,-,-,conceive
concentrate,1,verb,concentrate
concentration,-,-,concentration
concept,-,-,concept
conception,-,-,conception
conceptual,-,-,conceptual
concern,1,noun,concern
concern,2,verb,concern
concerned,-,-,concerned
concerning,-,-,concerning
concert,-,-,concert
concession,-,-,concession
concise,-,-,concise
conclude,-,-,conclude
conclusion,-,-,conclusion
concrete,1,adjective,concrete
concrete,2,noun,concrete
condemn,-,-,condemn
condemnation,-,-,condemnation
condense,-,-,condense
condition,1,noun,condition
conditional,1,adjective,conditional
condom,-,-,condom
condominium,-,-,condominium
conduct,1,verb,conduct
conduct,2,noun,conduct
conductor,-,-,conductor
cone,1,noun,cone
confer,-,-,confer
conference,-,-,conference
confess,-,-,confess
confession,-,-,confession
confide,-,-,confide
confidence,-,-,confidence
confident,-,-,confident
confidential,-,-,confidential
confidentiality,-,-,confidentiality
confine,-,-,confine
confirm,-,-,confirm
confirmation,-,-,confirmation
confiscate,-,-,confiscate
conflict,1,noun,conflict
conflict,2,verb,conflict
conflicting,-,-,conflicting
conform,-,-,conform
confront,-,-,confront
confrontation,-,-,confrontation
confuse,-,-,confuse
confused,-,-,confused
confusing,-,-,confusing
confusion,-,-,confusion
congested,-,-,congested
congestion,-,-,congestion
congratulate,-,-,congratulate
congratulation,-,-,congratulation
congregation,-,-,congregation
conjunction,-,-,conjunction
conjure,-,-,conjure
connect,-,-,connect
connected,-,-,connected
connection,-,-,connexion
connotation,-,-,connotation
conquer,-,-,conquer
conquest,-,-,conquest
conscience,-,-,conscience
conscientious,-,-,conscientious
conscious,-,-,conscious
consciously,-,-,consciously
consciousness,-,-,consciousness
consecutive,-,-,consecutive
consensus,-,-,consensus
consent,1,noun,consent
consent,2,verb,consent
consequence,-,-,consequence
consequent,-,-,consequent
consequently,-,-,consequently
conservation,-,-,conservation
conservative,1,adjective,conservative
conserve,1,verb,conserve
consider,-,-,considder
considerable,-,-,considerable
considerably,-,-,considerably
considerate,-,-,considerate
consideration,-,-,considderation
considering,1,preposition conjunction,considering
consist,-,-,consist
consistency,-,-,consistency
consistent,-,-,consistent
consolation,-,-,consolation
consolidate,-,-,consolidate
consonant,1,noun,consonant
consortium,-,-,consortium
conspicuous,-,-,conspicuous
conspiracy,-,-,conspiracy
conspire,-,-,conspire
constant,1,adjective,constant
constant,2,noun,constant
constantly,-,-,constantly
constituency,-,-,constituency
constituent,1,noun,constituent
constituent,2,adjective,constituent
constitute,-,-,constitute
constitution,-,-,constitution
constitutional,1,adjective,constitutional
constrain,-,-,constrain
constraint,-,-,constraint
construct,1,verb,construct
construction,-,-,construction
constructive,-,-,constructive
construe,-,-,construe
consult,-,-,consult
consultancy,-,-,consultancy
consultant,-,-,consultant
consultation,-,-,consultation
consume,-,-,consume
consumer,-,-,consumptor
consumption,-,-,consumption
contact,1,noun,contact
contact,2,verb,contact
contain,-,-,contain
container,-,-,contentor
contaminate,-,-,contaminate
contemplate,-,-,contemplate
contemporary,1,adjective,contemporary
contemporary,2,noun,contemporary
contempt,-,-,contempt
contend,-,-,contend
contender,-,-,contentor
content,1,noun,content
content,2,adjective,content
contention,-,-,contention
contentious,-,-,contentious
contest,1,noun,contest
contest,2,verb,contest
context,-,-,context
continent,1,noun,continent
continental,-,-,continental
contingency,-,-,contingency
contingent,1,adjective,contingent
continual,-,-,continual
continuation,-,-,continuation
continue,-,-,continnue
continuity,-,-,continuity
continuous,-,-,continnuous
continuum,-,-,continuum
contour,-,-,contour
contract,1,noun,contract
contract,2,verb,contract
contractor,-,-,contractor
contradict,-,-,contradict
contradiction,-,-,contradiction
contradictory,-,-,contradictory
contrary,1,noun,contrary
contrast,1,noun,contrast
contrast,2,verb,contrast
contribute,-,-,contribute
contribution,-,-,contribution
contributor,-,-,contributor
control,1,noun,control
control,2,verb,control
controlled,-,-,controlled
controller,-,-,controller
controversial,-,-,controversial
controversy,-,-,controversy
convene,-,-,convene
convenience,-,-,convenience
convenience,-,noun,convenience
convenient,-,-,convenient
conveniently,-,-,conveniently
convention,-,-,convention
conventional,-,-,conventional
converge,-,-,converge
conversation,-,-,conversation
conversely,-,-,conversely
conversion,-,-,conversion
convert,1,verb,convert
convertible,1,adjective,convertible
convey,-,-,convey
convict,1,verb,convict
conviction,-,-,conviction
convince,-,-,convince
convinced,-,-,convinced
convincing,-,-,convincing
convoy,1,noun,convoy
cook,1,verb,cwck
cook,2,noun,cwck
cookie,-,-,cookie
cooking,1,noun,cwcking
cool,1,adjective,cool
cool,2,verb,cool
cooler,-,-,cooler
cooperate,-,-,coöperate
cooperation,-,-,cooperation
cooperative,1,adjective,cooperative
coordinate,1,verb,coördinate
coordinate,2,noun,coördinate
coordination,-,-,coordination
coordinator,-,-,coordinator
cop,1,noun,cop
cope,1,verb,cope
copper,-,-,copper
copy,1,noun,coppy
copy,2,verb,coppy
copyright,-,-,coppyright
cord,1,noun,cord
core,1,noun,core
corn,-,-,corn
corner,1,noun,corner
corollary,-,-,corollary
coroner,-,-,coroner
corporate,-,-,corporate
corporation,-,-,corporation
corps,-,-,corps
corpse,-,-,corpse
correct,1,adjective,correct
correct,2,verb,correct
correction,-,-,correction
correlate,1,verb,correlate
correlation,-,-,correlation
correspond,-,-,correspond
correspondence,-,-,correspondence
correspondent,-,-,correspondent
corresponding,-,-,corresponding
corridor,-,-,corridor
corrupt,1,adjective,corrupt
corrupt,2,verb,corrupt
corruption,-,-,corruption
cosmetics,-,-,cosmetics
cosmic,-,-,cosmic
cost,1,noun,cost
cost,2,verb,cost
costly,-,-,costly
costume,-,-,costume
cosy,1,adjective,cosy
cottage,-,-,cot
cotton,1,noun,cotton
couch,1,noun,couch
cough,1,verb,cough
cough,2,noun,cough
could,-,verb,could
council,-,-,council
councillor,-,-,councillor
counselling,-,-,counseling
counsellor,-,-,counselor
count,1,verb,count
count,2,noun,count
counter,1,noun,counter
counter,2,verb,counter
counteract,-,-,counteract
counterpart,-,-,counterpart
counterproductive,-,-,counterproductive
countless,-,-,countless
country,1,noun,cuntry
countryside,-,-,cuntry-side
county,-,-,county
coup,-,-,coop
couple,1,noun,cupple
coupon,-,-,coupon
courage,-,-,corage
courageous,-,-,courageous
course,1,noun,corce
coursebook,-,-,coursebook
court,1,noun,coart
courteous,-,-,courteous
courtesy,1,noun,curtesy
courtroom,-,-,courtroom
courtyard,-,-,courtyard
cousin,-,-,cussin
cover,1,verb,cuvver
cover,2,noun,cuvver
coverage,-,-,cuvverage
cow,1,noun,cow
cowboy,-,-,cowboy
co-worker,-,-,co-worker
crab,-,-,crab
crack,1,verb,crack
crack,2,noun,crack
crackle,-,-,crackle
craft,1,noun,craft
craftsman,-,-,craftsman
crafty,-,-,crafty
cram,-,-,cram
cramped,-,-,cramped
crane,1,noun,crane
crash,1,verb,crash
crash,2,noun,crash
crate,1,noun,crate
crater,-,-,crater
crawl,1,verb,crawl
crayon,1,noun,crayon
crazy,1,adjective,crazy
creak,-,-,creak
cream,1,noun,cream
create,-,-,creäte
creation,-,-,creätion
creative,1,adjective,creative
creativity,-,-,creativity
creator,-,-,creätor
creature,-,-,creäture
credentials,-,-,credentials
credibility,-,-,credibility
credible,-,-,credible
credit,1,noun,credit
credit,2,verb,credit
credit,-,noun,credit
creek,-,-,creek
creep,1,verb,creep
creepy,-,-,creepy
crew,1,noun,crew
cricket,-,-,cricket
crime,-,-,crime
criminal,1,adjective,criminal
criminal,2,noun,criminal
cripple,1,verb,cripple
crisis,-,-,crisis
crisp,1,adjective,crisp
criterion,-,-,criterion
critic,-,-,critic
critical,-,-,critical
critically,-,-,critically
criticism,-,-,criticism
criticize,-,-,criticize
critique,1,noun,critic
crocodile,-,-,crocodile
crook,1,noun,crook
crooked,-,-,crooked
crop,1,noun,crop
cross,1,verb,cross
cross,2,noun,cross
cross,3,adjective,cross
crossing,-,-,crossing
crossroads,-,-,crossroads
crosswalk,-,-,crosswalk
crossword,-,-,crossword
crouch,-,-,crouch
crowd,1,noun,crowd
crowd,2,verb,crowd
crowded,-,-,crowded
crown,1,noun,crown
crucial,-,-,crucial
crude,1,adjective,crude
cruel,-,-,cruël
cruelty,-,-,cruelty
cruise,1,noun,cruise
cruise,2,verb,cruise
crumble,1,verb,crumble
crunchy,-,-,crunchy
crusade,1,noun,crusade
crush,1,verb,crush
crust,-,-,crust
cry,1,verb,cry
cry,2,noun,cry
crystal,-,-,crystal
cub,-,-,cub
cube,1,noun,cube
cubic,-,-,cubic
cucumber,-,-,cucumber
cue,1,noun,cue
cuisine,-,-,cuisine
culminate,-,-,culminate
cult,1,noun,cult
cultivate,-,-,cultivate
cultural,-,-,cultural
culturally,-,-,culturally
culture,1,noun,culture
culture,-,noun,culture
cumulative,-,-,cumulative
cunning,1,adjective,cunning
cup,1,noun,cup
cupboard,-,-,cupboard
curator,-,-,curator
curb,1,verb,curb
cure,1,noun,cure
cure,2,verb,cure
curfew,-,-,curfew
curiosity,-,-,curiosity
curious,-,-,curious
curiously,-,-,curiously
curl,1,verb,curl
curl,2,noun,curl
curly,-,-,curly
currant,-,-,currant
currency,-,-,currency
current,1,adjective,current
current,2,noun,current
current,-,noun,current
currently,-,-,currently
curriculum,-,-,curriculum
curry,1,noun,curry
curse,1,verb,curse
curse,2,noun,curse
cursor,-,-,cursor
curtail,-,-,curtail
curtain,1,noun,curten
curve,1,noun,curve
curve,2,verb,curve
curved,-,-,curved
cushion,1,noun,cushion
custard,-,-,custard
custody,-,-,custody
custom,1,noun,custom
customary,-,-,customary
customer,-,-,customer
cut,1,verb,cut
cut,2,noun,cut
cute,-,-,cute
CV,-,-,CV
cycle,1,noun,cycle
cycle,2,verb,cycle
cyclist,-,-,cyclist
cylinder,-,-,cylinder
cynic,-,-,cynic
cynical,-,-,cynical
dad,-,-,dad
daddy,-,-,daddy
daily,1,adjective,daily
daily,2,adverb,daily
dairy,-,-,dairy
dam,1,noun,dam
damage,1,noun,dammage
damage,2,verb,dammage
damaged,-,-,damaged
damaging,-,-,damaging
damp,1,adjective,damp
dance,1,noun,dance
dance,2,verb,dance
dancer,-,-,dancer
danger,-,-,danger
dangerous,-,-,periculous
dangerously,-,-,dangerously
dangle,-,-,dangle
dare,1,verb modal verb,dare
daring,1,adjective,daring
dark,1,adjective,dark
dark,2,noun,dark
darken,-,-,darken
darkness,-,-,darkness
darling,1,noun,darling
dart,1,verb,dart
dart,2,noun,dart
dash,1,verb,dash
dash,2,noun,dash
data,-,-,data
database,-,-,database
date,1,noun,date
date,2,verb,date
dated,-,-,dated
daughter,-,-,daughter
daughter-in-law,-,-,daughter-in-law
daunting,-,-,daunting
dawn,1,noun,dawn
dawn,2,verb,dawn
day,-,-,day
daydream,1,verb,daydream
daylight,-,-,daylight
daytime,-,-,daytime
day-to-day,-,-,day-to-day
dazzle,-,-,dazzle
dead,1,adjective,ded
deadline,-,-,dedline
deadly,1,adjective,dedly
deaf,-,-,deaf
deal,1,noun,deal
deal,2,verb,deal
dealer,-,-,dealer
dealing,-,-,dealing
dear,1,interjection,dear
dear,2,adjective,dear
dear,3,noun,dear
death,-,-,deth
debate,1,noun,debate
debate,2,verb,debate
debit,-,noun,debit
debris,-,-,debris
debt,-,-,det
debut,1,noun,debut
decade,-,-,deccade
decay,1,verb,decay
decay,2,noun,decay
deceased,-,-,deceased
deceive,-,-,deceive
December,-,-,December
decent,-,-,decent
deception,-,-,deception
decide,-,-,decide
decidedly,-,-,decidedly
decision,-,-,decision
decisive,-,-,decisive
deck,1,noun,deck
declaration,-,-,declaration
declare,-,-,declare
decline,1,noun,decline
decline,2,verb,decline
decorate,-,-,decorate
decoration,-,-,decoration
decorative,-,-,decorative
decrease,1,verb,decrease
decrease,2,noun,decrease
decree,1,noun,decree
dedicate,-,-,dedicate
dedicated,-,-,dedicated
dedication,-,-,dedication
deduce,-,-,deduce
deduct,-,-,deduct
deduction,-,-,deduction
deed,-,-,deed
deem,-,-,deem
deep,1,adjective,deep
deep,2,adverb,deep
deepen,-,-,deepen
deeply,-,-,deeply
deer,-,-,deer
default,1,noun,default
defeat,1,noun,defeat
defeat,2,verb,defeat
defect,1,noun,defect
defective,-,-,defective
defence,-,-,defense
defend,-,-,defend
defender,-,-,defender
defensive,1,adjective,defensive
defer,-,-,defer
defiance,-,-,defiance
deficiency,-,-,deficiency
deficit,-,-,deficit
define,-,-,define
definite,-,-,definite
definitely,-,-,definitely
definition,-,-,definition
definitive,-,-,definitive
deflect,-,-,deflect
defy,-,-,defy
degree,-,-,degree
delay,1,noun,delay
delay,2,verb,delay
delegate,1,noun,delegate
delegate,2,verb,delegate
delegation,-,-,delegation
delete,-,-,delete
deliberate,1,adjective,deliberate
deliberately,-,-,deliberately
delicate,-,-,delicate
delicious,-,-,delicious
delight,1,noun,delite
delight,2,verb,delite
delighted,-,-,delited
delightful,-,-,delightful
deliver,-,-,delivver
delivery,-,-,delivver
demand,1,noun,demand
demand,2,verb,demand
demanding,-,-,demanding
demise,-,-,demise
democracy,-,-,democracy
democratic,-,-,democratic
demographic,1,adjective,demographic
demolish,-,-,demolish
demolition,-,-,demolition
demon,-,-,demon
demonstrate,-,-,demonstrate
demonstration,-,-,demonstration
demonstrator,-,-,demonstrator
denial,-,-,denial
denote,-,-,denote
denounce,-,-,denounce
dense,-,-,dense
density,-,-,density
dental,-,-,dental
dentist,-,-,dentist
deny,-,-,deny
depart,-,-,depart
department,-,-,department
department,-,noun,department
departure,-,-,departure
depend,-,-,depend
dependable,-,-,dependable
dependence,-,-,dependence
dependent,1,adjective,dependent
depict,-,-,depict
deploy,-,-,deploy
deport,-,-,deport
deposit,1,noun,deposit
deposit,2,verb,deposit
depot,-,-,depot
depressed,-,-,depressed
depressing,-,-,depressing
depression,-,-,depression
deprivation,-,-,deprivation
deprive,-,-,deprive
deprived,-,-,deprived
depth,-,-,depth
deputy,-,-,deputy
derive,-,-,derive
descend,-,-,descend
descendant,-,-,descendant
descent,-,-,descent
describe,-,-,describe
description,-,-,description
descriptive,-,-,descriptive
desert,1,noun,dezzert
desert,2,verb,dezzert
deserted,-,-,deserted
deserve,-,-,deserve
design,1,noun,design
design,2,verb,design
designate,1,verb,designate
designer,1,noun,designer
desirable,-,-,desirable
desire,1,noun,desire
desire,2,verb,desire
desk,-,-,desk
desktop,-,-,desktop
despair,1,noun,despair
desperate,-,-,desperate
desperately,-,-,desperately
desperation,-,-,desperation
despise,-,-,despise
despite,-,-,despite
dessert,-,-,dessert
destination,-,-,destination
destined,-,-,destined
destiny,-,-,destiny
destroy,-,-,destruct
destruction,-,-,destruction
destructive,-,-,destructive
detach,-,-,detach
detail,1,noun,detail
detailed,-,-,detailed
detain,-,-,detain
detect,-,-,detect
detection,-,-,detection
detective,-,-,detective
detector,-,-,detector
detention,-,-,detention
deter,-,-,deter
deteriorate,-,-,deteriorate
determination,-,-,determination
determine,-,-,determine
determined,-,-,determined
deterrent,-,-,deterrent
detrimental,-,-,detrimental
devastate,-,-,devastate
devastated,-,-,devastated
devastating,-,-,devastating
develop,-,-,devellop
developed,-,-,developed
developer,-,-,developer
developing,-,-,developing
development,-,-,devellopment
developmental,-,-,developmental
deviation,-,-,deviation
device,-,-,device
devil,-,-,devvil
devious,-,-,devious
devise,-,-,devise
devote,-,-,devote
devoted,-,-,devoted
devotion,-,-,devotion
devour,-,-,devour
diagnose,-,-,diägnose
diagnosis,-,-,diägnosis
diagnostic,-,-,diagnostic
diagonal,-,-,diagonal
diagram,1,noun,diägram
dial,1,noun,dial
dial,2,verb,dial
dialect,-,-,dialect
dialogue,-,-,diälog
diameter,-,-,diameter
diamond,-,-,diämond
diary,-,-,diäry
dice,1,noun,dice
dictate,1,verb,dictate
dictator,-,-,dictator
dictatorship,-,-,dictatorship
dictionary,-,-,dictionary
die,1,verb,die
diesel,-,-,diesel
diet,1,noun,diët
diet,2,verb,diët
dietary,-,-,dietary
differ,-,-,differ
difference,-,-,difference
different,-,-,different
differentiate,-,-,differentiate
difficult,-,-,difficult
difficulty,-,-,difficulty
dig,1,verb,dig
digest,1,verb,digest
digestion,-,-,digestion
digit,-,-,digit
digital,-,-,digital
dignified,-,-,dignified
dignity,-,-,dignity
dilemma,-,-,dilemma
dilute,1,verb,dilute
dim,1,adjective,dim
dimension,-,-,dimension
diminish,-,-,diminish
dine,-,-,dine
diner,-,-,diner
dining,-,noun,dining
dinner,-,-,dinner
dinosaur,-,-,dinosaur
dip,1,verb,dip
dip,2,noun,dip
diploma,-,-,diploma
diplomacy,-,-,diplomacy
diplomat,-,-,diplomat
diplomatic,-,-,diplomatic
dire,-,-,dire
direct,1,adjective,direct
direct,2,verb,direct
direction,-,-,direction
directive,1,noun,directive
directly,1,adverb,directly
director,-,-,director
directory,-,-,directory
dirt,-,-,dirt
dirty,1,adjective,dirty
disability,-,-,disability
disabled,-,-,disabled
disadvantage,1,noun,disadvantage
disadvantaged,-,-,disadvantaged
disagree,-,-,disagree
disagreement,-,-,disagreement
disappear,-,-,disappear
disappearance,-,-,disappearance
disappoint,-,-,disappoint
disappointed,-,-,disappointed
disappointing,-,-,disappointing
disappointment,-,-,disappointment
disapproval,-,-,disapproval
disapprove,-,-,disapprove
disaster,-,-,disaster
disastrous,-,-,disastrous
disbelief,-,-,disbelief
disc,-,-,disc
discard,1,verb,discard
discern,-,-,discern
discharge,1,verb,discharge
disciple,-,-,disciple
discipline,1,noun,discipline
discipline,2,verb,discipline
disclose,-,-,disclose
disclosure,-,-,disclosure
discomfort,-,-,discomfort
disconnect,1,verb,disconnect
discount,1,noun,discount
discount,2,verb,discount
discourage,-,-,discorage
discouraged,-,-,discouraged
discourse,1,noun,discorce
discover,-,-,discuvver
discovery,-,-,discovery
discredit,1,verb,discredit
discreet,-,-,discreet
discrepancy,-,-,discrepancy
discretion,-,-,discretion
discriminate,-,-,discriminate
discrimination,-,-,discrimination
discuss,-,-,discuss
discussion,-,-,discussion
disease,-,-,disease
disgrace,1,noun,disgrace
disgraceful,-,-,disgraceful
disguise,1,verb,disguise
disguise,2,noun,disguise
disgust,1,noun,disgust
disgust,2,verb,disgust
disgusted,-,-,disgusted
disgusting,-,-,disgusting
dish,1,noun,dish
dishwasher,-,-,dishwasher
disk,-,-,disk
dislike,1,verb,hate
dislike,2,noun,hate
dismal,-,-,dismal
dismantle,-,-,dismantle
dismay,1,noun,dismay
dismiss,-,-,dismiss
dismissal,-,-,dismissal
disobedient,-,-,disobedient
disobey,-,-,disobey
disorder,-,-,disorder
disorganized,-,-,disorganized
disparity,-,-,disparity
dispatch,1,verb,dispatch
dispense,-,-,dispense
disperse,-,-,disperse
displace,-,-,displace
display,1,noun,display
display,2,verb,display
disposal,-,-,disposal
dispose,-,-,dispose
disposition,-,-,disposition
dispute,1,noun,dispute
dispute,2,verb,dispute
disregard,1,verb,disregard
disrupt,-,-,disrupt
disruption,-,-,disruption
dissatisfaction,-,-,dissatisfaction
dissatisfied,-,-,dissatisfied
dissent,1,noun,dissent
dissertation,-,-,dissertation
dissolve,-,-,dissolve
distance,1,noun,distance
distant,-,-,distant
distinct,-,-,distinct
distinction,-,-,distinction
distinctive,-,-,distinctive
distinctly,-,-,distinctly
distinguish,-,-,distinguish
distinguished,-,-,distinguished
distort,-,-,distort
distract,-,-,distract
distraction,-,-,distraction
distress,1,noun,distress
distress,2,verb,distress
distressed,-,-,distressed
distribute,-,-,distribute
distribution,-,-,distribution
distributor,-,-,distributor
district,-,-,district
distrust,1,noun,distrust
distrust,2,verb,distrust
disturb,-,-,disturb
disturbance,-,-,disturbance
disturbing,-,-,disturbing
ditch,1,noun,ditch
ditto,1,adverb,ditto
dive,1,verb,dive
dive,2,noun,dive
diver,-,-,diver
diverse,-,-,diverse
diversify,-,-,diversify
diversion,-,-,diversion
diversity,-,-,diversity
divert,-,-,divert
divide,1,verb,divide
divine,1,adjective,divine
division,-,-,division
divorce,1,noun,divorce
divorce,2,verb,divorce
divorced,-,-,divorced
dizzy,-,-,dizzy
DNA,-,-,DNA
do,1,auxiliary verb,do
do,2,verb,do
dock,1,noun,dock
doctor,1,noun,doctor
doctrine,-,-,doctrine
document,1,noun,document
document,2,verb,document
documentary,1,noun,documentary
documentation,-,-,documentation
dodge,1,verb,dodge
dodgy,-,-,dodgy
dog,1,noun,dog
dog,2,verb,dog
doll,1,noun,doll
dollar,-,-,dollar
dolphin,-,-,dolphin
domain,-,-,domain
dome,-,-,dome
domestic,1,adjective,domestic
dominance,-,-,dominance
dominant,1,adjective,dominant
dominate,-,-,dominate
domination,-,-,domination
donate,-,-,donate
donation,-,-,donation
donkey,-,-,donkey
donor,-,-,donor
doom,1,verb,doom
doom,2,noun,doom
door,1,noun,dore
doorstep,1,noun,doorstep
doorway,-,-,doorway
dose,1,noun,dose
dot,1,noun,dot
dot,2,verb,dot
double,1,adjective,dubble
double,2,noun,dubble
double,3,verb,dubble
double,4,adverb,dubble
double5,-,-,double5
double,-,verb,dubble
doubt,1,noun,dout
doubt,2,verb,dout
doubtful,-,-,doubtful
doubtless,-,-,doubtless
dough,-,-,dough
down,1,adverb preposition adjective,down
download,1,verb,download
downstairs,1,adverb,downstairs
downtown,-,-,downtown
downwards,-,-,downwards
dozen,-,-,duzzen
Dr,-,-,Dr
draft,1,noun,draft
drag,1,verb,drag
dragon,-,-,dragon
drain,1,verb,drain
drain,2,noun,drain
drainage,-,-,drainage
drama,-,-,draama
dramatic,-,-,dramatic
dramatically,-,-,dramatically
drape,-,-,drape
drastic,-,-,drastic
draw,1,verb,draw
draw,2,noun,draw
drawback,-,-,drawback
drawer,-,-,drawer
drawing,-,-,drawing
dread,1,verb,dread
dreadful,-,-,dreadful
dream,1,noun,dream
dream,2,verb,dream
dress,1,noun,dress
dress,2,verb,dress
dressing,-,-,dressing
dressing,-,noun,dressing
dribble,1,verb,dribble
dried,-,-,dried
drift,1,verb,drift
drift,2,noun,drift
drill,1,noun,drill
drill,2,verb,drill
drink,1,verb,drink
drink,2,noun,drink
drinker,-,-,drinker
drinking,-,noun,drinking
drip,1,verb,drip
drip,2,noun,drip
drive,1,verb,drive
drive,2,noun,drive
driver,-,-,driver
driveway,-,-,driveway
driving,-,noun,driving
drizzle,1,verb,drizzle
drop,1,verb,drop
drop,2,noun,drop
drought,-,-,drought
drown,-,-,drown
drug,1,noun,drug
drugstore,-,-,drugstore
drum,1,noun,drum
drummer,-,-,drummer
drunk,2,adjective,drunk
dry,1,adjective,dry
dry,2,verb,dry
dryer,-,-,dryer
dual,-,-,duäl
dual,-,noun,duäl
dubious,-,-,dubious
duck,1,noun,duck
due,1,adjective,due
due,2,adverb,due
dull,1,adjective,dull
dumb,1,adjective,dumb
dump,1,verb,dump
dump,2,noun,dump
duo,-,-,duö
duplicate,1,verb,duplicate
duplicate,2,adjective,duplicate
duplicate,3,noun,duplicate
duration,-,-,duration
during,-,-,during
dusk,-,-,dusk
dust,1,noun,dust
dust,2,verb,dust
dusty,-,-,dusty
duty,-,-,duty
duvet,-,-,duvet
DVD,-,-,DVD
dwell,-,-,dwell
dwindle,-,-,dwindle
dye,1,noun,dye
dye,2,verb,dye
dynamic,1,adjective,dynamic
dynamic,2,noun,dynamic
dynasty,-,-,dynasty
each,-,pronoun adverb,each
each,-,pronoun,each
eager,-,-,eager
eagle,1,noun,eagle
ear,-,-,ear
earache,-,-,earache
early,1,adjective,erly
early,2,adverb,erly
earn,-,-,ern
earnest,1,adjective,earnest
earnings,-,-,earnings
earring,-,-,earring
earth,1,noun,erth
earthquake,-,-,erthquake
ease,1,noun,ease
ease,2,verb,ease
easily,-,-,easily
east,1,noun,east
east,2,adjective,east
east,3,adverb,east
Easter,-,-,Easter
eastern,-,-,eastern
easy,1,adjective,easy
easy,2,adverb,easy
eat,-,-,eat
eccentric,1,adjective,eccentric
echo,1,verb,ekho
echo,2,noun,ekho
eclipse,1,noun,eclipse
eclipse,2,verb,eclipse
eco-friendly,-,-,eco-friendly
ecological,-,-,ecological
ecology,-,-,ecology
economic,-,-,economic
economical,-,-,economical
economically,-,-,economically
economics,-,-,economics
economist,-,-,economist
economy,1,noun,econnomy
ecosystem,-,-,ecosystem
ecstasy,-,-,ecstasy
ecstatic,-,-,ecstatic
edge,1,noun,edge
edit,-,-,edit
edition,-,-,edition
editor,-,-,editor
editorial,1,noun,editorial
educate,-,-,educate
educated,-,-,educated
education,-,-,education
educational,-,-,educational
effect,1,noun,effect
effective,-,-,effective
effectively,-,-,effectively
efficiency,-,-,efficiency
efficient,-,-,efficient
effort,-,-,effort
e.g.,-,-,e.g.
egg,1,noun,egg
ego,-,-,ego
eight,-,noun,eight
eighteen,-,-,eighteen
eighth,1,adjective,eighth
eighty,-,-,eighty
either,1,conjunction,either
either,2,determiner pronoun,either
either,3,adverb,either
eject,-,-,eject
elaborate,1,adjective,elaborate
elastic,1,noun,elastic
elbow,1,noun,elbow
elder,1,adjective,elder
elder,2,noun,elder
elderly,-,-,elderly
eldest,-,-,eldest
elect,1,verb,elect
election,-,-,election
electoral,-,-,electoral
electorate,-,-,electorate
electric,-,-,electric
electrical,-,-,electrical
electrician,-,-,electrician
electricity,-,-,electricity
electronic,-,-,electronic
electronics,-,-,electronics
elegant,-,-,elegant
element,-,-,elëment
elementary,-,-,elementary
elephant,-,-,elephant
elevate,-,-,elevate
elevator,-,-,elevator
eleven,-,noun,elevven
eleventh,1,adjective,eleventh
elicit,-,-,elicit
eligible,-,-,eligible
eliminate,-,-,eliminate
elimination,-,-,elimination
elite,1,noun,ellite
elite,2,adjective,ellite
else,-,-,else
elsewhere,-,-,else-where
elusive,-,-,elusive
email,1,noun,e-mail
email,2,verb,e-mail
embargo,1,noun,embargo
embark,-,-,embark
embarrass,-,-,embarrass
embarrassed,-,-,embarrassed
embarrassing,-,-,embarrassing
embarrassment,-,-,embarrassment
embassy,-,-,embassy
embed,1,verb,embed
embody,-,-,embody
embrace,1,verb,embrace
embrace,2,noun,embrace
emerge,-,-,emerge
emergence,-,-,emergence
emergency,-,-,emergency
emigrate,-,-,emigrate
eminent,-,-,eminent
emission,-,-,emission
emit,-,-,emit
emotion,-,-,emotion
emotional,-,-,emotional
empathy,-,-,empathy
emperor,-,-,emperor
emphasis,-,-,emphasis
emphasize,-,-,emphasize
empire,-,-,empire
empirical,-,-,empirical
employ,1,verb,employ
employee,-,-,employee
employer,-,-,employer
employment,-,-,employing
empower,-,-,empower
empty,1,adjective,empty
empty,2,verb,empty
emulate,-,-,emulate
enable,-,-,enable
enclose,-,-,enclose
encompass,-,-,encompass
encounter,1,verb,encounter
encounter,2,noun,encounter
encourage,-,-,encorage
encouragement,-,-,encouragement
encouraging,-,-,encouraging
encyclopedia,-,-,encyclopedia
end,1,noun,end
end,2,verb,end
endanger,-,-,endanger
endangered,-,-,endangered
endeavour,1,verb,endeavor
ending,-,-,ending
endless,-,-,endless
endorse,-,-,endorse
endorsement,-,-,endorsement
endure,-,-,endure
enemy,-,-,ennemy
energetic,-,-,energetic
energy,-,-,ennergy
enforce,-,-,enforce
enforcement,-,-,enforcement
engage,-,-,engage
engaged,-,-,engaged
engagement,-,-,engagement
engine,-,-,enjin
engineer,1,noun,engineer
engineering,-,-,engineering
enhance,-,-,enhance
enhanced,-,-,enhanced
enjoy,-,-,enjoy
enjoyable,-,-,enjoyable
enjoyment,-,-,enjoyment
enlarge,-,-,enlarge
enlist,-,-,enlist
enormous,-,-,enormous
enormously,-,-,enormously
enough,1,adverb,enuff
enough,2,determiner pronoun,enuff
enrich,-,-,enrich
enrol,-,-,enroll
ensue,-,-,ensue
ensure,-,-,ensure
enter,-,-,enter
enterprise,-,-,enterprise
entertain,-,-,entertain
entertaining,1,adjective,entertaining
entertainment,-,-,entertaining
enthusiasm,-,-,enthusiasm
enthusiast,-,-,enthusiast
enthusiastic,-,-,enthusiastic
entire,-,-,entire
entirely,-,-,entirely
entitle,-,-,entitle
entitlement,-,-,entitlement
entity,-,-,entity
entrance,1,noun,entrance
entrepreneur,-,-,undertaker
entrust,-,-,entrust
entry,-,-,entry
envelope,-,-,envelope
envious,-,-,envious
environment,-,-,embedding
environmental,-,-,embeddingly
environmentalist,-,-,environmentalist
environmentally,-,adjective,environmentally
envisage,-,-,envisage
envoy,-,-,envoy
envy,1,verb,envy
envy,2,noun,envy
epic,1,noun,epic
epidemic,-,-,epidemic
episode,-,-,episode
equal,1,adjective,equal
equal,2,verb,equal
equal,3,noun,equal
equality,-,-,equality
equally,-,-,equally
equate,-,-,equate
equation,-,-,equation
equilibrium,-,-,equilibrium
equip,-,-,equip
equipment,-,-,equipping
equitable,-,-,equitable
equivalent,1,adjective,equivalent
equivalent,2,noun,equivalent
era,-,-,era
eradicate,-,-,eradicate
erase,-,-,erase
eraser,-,-,eraser
erect,1,verb,erect
erode,-,-,erode
erosion,-,-,erosion
error,-,-,error
erupt,-,-,erupt
escalate,-,-,escalate
escalator,-,-,escalator
escape,1,verb,escape
escape,2,noun,escape
escort,1,verb,escort
especially,-,-,especially
essay,1,noun,essay
essence,-,-,essence
essential,1,adjective,essential
essentially,-,-,essentially
establish,-,-,estabblish
established,-,-,established
establishment,-,-,estabilition
estate,-,-,estate
estate,-,noun,estate
estimate,1,noun,estimate
estimate,2,verb,estimate
estimation,-,-,estimation
etc.,-,-,etc.
eternal,-,-,eternal
ethic,-,-,ethic
ethical,-,-,ethical
ethnic,1,adjective,ethnic
euro,-,-,euro
evacuate,-,-,evacuate
evade,-,-,evade
evaluate,-,-,evaluate
evaluation,-,-,evaluation
evaporate,-,-,evaporate
even,1,adverb,even
even,2,adjective,even
even,3,verb,even
evening,1,noun,evening
evenly,-,-,evenly
event,-,-,event
eventual,-,-,eventual
eventually,-,-,eventually
ever,-,-,ever
every,-,-,every
everybody,-,-,everybody
everyday,-,-,daily
everyone,-,-,everyone
everything,-,-,everything
everywhere,-,-,everywhere
evidence,1,noun,evidence
evident,-,-,evident
evidently,-,-,evidently
evil,1,adjective,evil
evil,2,noun,evil
evoke,-,-,evoke
evolution,-,-,evolution
evolutionary,-,-,evolutionary
evolve,-,-,evolve
exacerbate,-,-,exacerbate
exact,1,adjective,exact
exactly,-,-,exactly
exaggerate,-,-,exaggerate
exaggeration,-,-,exaggeration
exam,-,-,exam
examination,-,-,exammination
examine,-,-,exammin
example,-,-,example
exasperated,-,-,exasperated
exasperating,-,-,exasperating
exceed,-,-,excede
excellence,-,-,excellence
excellent,-,-,excellent
except,1,conjunction preposition,except
exception,-,-,exception
exceptional,-,-,exceptional
exceptionally,-,-,exceptionally
excerpt,-,-,excerpt
excess,1,noun,excess
excess,2,adjective,excess
excessive,-,-,excessive
exchange,1,noun,exchange
exchange,2,verb,exchange
excite,-,-,excite
excited,-,-,excited
excitement,-,-,excitement
exciting,-,-,exciting
exclaim,-,-,exclaim
exclamation,-,-,exclamation
exclamation,-,noun,exclamation
exclude,-,-,exclude
excluding,-,-,excluding
exclusion,-,-,exclusion
exclusive,1,adjective,exclusive
exclusively,-,-,exclusively
excursion,-,-,excursion
excuse,1,verb,excuse
excuse,2,noun,excuse
execute,-,-,execute
execution,-,-,execution
executive,1,noun,executive
executive,2,adjective,executive
exemplify,-,-,exemplify
exempt,1,adjective,exempt
exemption,-,-,exemption
exercise,1,noun,exercise
exercise,2,verb,exercise
exert,-,-,exert
exhaust,1,verb,exhaust
exhaust,2,noun,exhaust
exhausted,-,-,exhausted
exhausting,-,-,exhausting
exhaustion,-,-,exhaustion
exhibit,1,verb,exibit
exhibit,2,noun,exibit
exhibition,-,-,exibition
exile,1,noun,exile
exist,-,-,exist
existence,-,-,existence
existing,-,-,existing
exit,1,noun,exit
exit,2,verb,exit
exorbitant,-,-,exorbitant
exotic,-,-,exotic
expand,-,-,expand
expansion,-,-,expansion
expect,-,-,expect
expectation,-,-,expectation
expedition,-,-,expedition
expel,-,-,expel
expenditure,-,-,expenditure
expense,-,-,expense
expensive,-,-,expensive
experience,1,noun,experience
experience,2,verb,experience
experienced,-,-,experienced
experiment,1,noun,experiment
experiment,2,verb,experiment
experimental,-,-,experimental
expert,1,noun,expert
expert,2,adjective,expert
expertise,-,-,expertise
expire,-,-,expire
explain,-,-,explain
explanation,-,-,explanation
explanatory,-,-,explanatory
explicit,-,-,explicit
explode,-,-,explode
exploit,1,verb,exploit
exploitation,-,-,exploitation
exploration,-,-,exploration
explore,-,-,explore
explorer,-,-,explorer
explosion,-,-,explosion
explosive,1,adjective,explosive
explosive,2,noun,explosive
export,1,noun,export
export,2,verb,export
expose,-,-,expose
express,1,verb,express
express,2,adjective,express
express,3,noun,express
expression,-,-,expression
expressly,-,-,expressly
exquisite,-,-,exquisite
extend,-,-,extend
extended,-,-,extended
extension,-,-,extension
extensive,-,-,extensive
extent,-,-,extent
exterior,1,noun,exterior
external,-,-,external
extinct,-,-,extinct
extinction,-,-,extinction
extra,1,adjective,extra
extra,2,adverb,extra
extract,1,verb,extract
extract,2,noun,extract
extraordinarily,-,-,extraordinarily
extraordinary,-,-,extrordinary
extravagant,-,-,extravagant
extreme,1,adjective,extreme
extreme,2,noun,extreme
extremely,-,-,extremely
extremist,-,-,extremist
extrovert,-,-,extrovert
eye,1,noun,ei
eyebrow,-,-,eyebrow
eyelid,-,-,eyelid
eyewitness,-,-,eyewitness
fabric,-,-,fabric
fabulous,-,-,fabulous
face,1,noun,face
face,2,verb,face
facet,-,-,facet
facial,1,adjective,facial
facilitate,-,-,facilitate
facility,-,-,facility
fact,-,-,fact
factor,1,noun,factor
factory,-,-,factory
factual,-,-,factual
faculty,-,-,faculty
fade,-,-,fade
fail,1,verb,fail
failure,-,-,fail
faint,1,adjective,faint
faint,2,verb,faint
fair,1,adjective,fair
fair,2,noun,fair
fairly,-,-,fairly
fairness,-,-,fairness
fairy,-,-,fairy
faith,-,-,faith
faithful,1,adjective,faithful
fake,1,noun,fake
fake,2,adjective,fake
fall,1,verb,fall
fall,2,noun,fall
false,-,-,false
fame,-,-,fame
familiar,1,adjective,familiar
familiarity,-,-,familiarity
family,-,-,fammily
famine,-,-,famine
famous,-,-,famous
fan,1,noun,fan
fan,2,verb,fan
fancy,1,verb,fancy
fancy,2,noun,fancy
fancy,3,adjective,fancy
fantastic,-,-,fantastic
fantasy,-,-,fantasy
far,1,adverb,far
far,2,adjective,far
fare,1,noun,fare
farewell,1,noun,farewell
farm,1,noun,farm
farm,2,verb,farm
farmer,-,-,farmer
farmhouse,-,-,farmhouse
farming,-,-,farming
far-reaching,-,-,far-reaching
fascinate,-,-,fascinate
fascinated,-,-,fascinated
fascinating,-,-,fascinating
fascination,-,-,fascination
fashion,1,noun,fashion
fashion,2,verb,fashion
fashionable,-,-,fashionable
fast,1,adjective,fast
fast,2,adverb,fast
fasten,-,-,fasten
fat,1,adjective,fat
fat,2,noun,fat
fatal,-,-,fatal
fate,-,-,fate
father,1,noun,faather
father-in-law,-,-,father-in-law
fatigue,-,-,fatigue
fattening,-,-,fattening
faucet,-,-,faucet
fault,1,noun,fault
faulty,-,-,faulty
favour,1,noun,favor
favour,2,verb,favor
favourable,-,-,favorable
favourite,1,adjective,faevorite
favourite,2,noun,faevorite
fear,1,noun,fear
fear,2,verb,fear
fearful,-,-,fearful
feasible,-,-,feasible
feast,1,noun,feast
feast,2,verb,feast
feat,-,-,feat
feather,1,noun,feather
feature,1,noun,feature
feature,2,verb,feature
February,-,-,February
federal,-,-,federal
fee,-,-,fee
feeble,-,-,feeble
feed,1,verb,feed
feedback,-,-,feedback
feel,1,verb,feel
feel,2,noun,feel
feeling,1,noun,feeling
fellow,1,adjective,fello
fellowship,-,-,fellowship
female,1,adjective,female
female,2,noun,female
feminine,-,-,feminine
feminist,-,-,feminist
fence,1,noun,fence
ferocious,-,-,ferocious
ferry,1,noun,ferry
fertile,-,-,fertile
fertility,-,-,fertility
festival,-,-,festival
fetch,1,verb,fetch
fever,-,-,fever
few,-,pronoun adjective,few
fiancé,-,-,fiancé
fiancée,-,-,fiancée
fibre,-,-,fiber
fiction,-,-,fiction
fictional,-,-,fictional
fictitious,-,-,fictitious
field,1,noun,feeld
field,2,verb,feeld
fierce,-,-,feerce
fiercely,-,-,fiercely
fiery,-,-,fiery
fifteen,-,noun,fifteen
fifth,1,adjective,fifth
fifty,-,noun,fifty
fight,1,verb,fight
fight,2,noun,fight
fighter,-,-,fighter
fighting,-,-,fighting
figurative,-,-,figurative
figure,1,noun,figure
figure,2,verb,figure
file,1,noun,file
file,2,verb,file
fill,1,verb,fill
film,1,noun,film
film,2,verb,film
film-maker,-,-,film-maker
filter,1,noun,filter
filter,2,verb,filter
filthy,1,adjective,filthy
fin,-,-,fin
final,1,adjective,final
final,2,noun,final
finalize,-,-,finalize
finally,-,-,finally
finance,1,noun,finance
finance,2,verb,finance
financial,-,-,financial
find,1,verb,fînd
find,2,noun,fînd
finding,-,-,finding
fine,1,adjective,fine
fine,2,adverb,fine
fine,3,verb,fine
fine,4,noun,fine
finely,-,-,finely
finger,1,noun,fingger
fingernail,-,-,fingernail
fingerprint,-,-,fingerprint
finish,1,verb,finnish
finish,2,noun,finnish
finite,-,-,finite
fire,1,noun,fire
fire,2,verb,fire
fire,-,noun,fire
firearm,-,-,fire-arm
fire,-,noun,fire
firefighter,-,-,fire-fighter
fireplace,-,-,fireplace
fire,-,noun,fire
firework,-,-,fire-work
firm,1,noun,firm
firm,2,adjective,firm
first,1,adjective,first
first,2,adverb,first
first,3,noun,first
first,4,pronoun,first
first,-,noun,first
first-class,-,-,first-class
firstly,-,-,firstly
first,-,noun,first
fish,1,noun,fish
fish,2,verb,fish
fisherman,-,-,fisherman
fishing,-,-,fishing
fist,-,-,fist
fit,1,verb,fit
fit,2,adjective,fit
fit,3,noun,fit
fitness,-,-,fitness
five,-,noun,five
fix,1,verb,fix
fixed,-,-,fixed
flabby,-,-,flabby
flag,1,noun,flag
flame,1,noun,flame
flap,1,noun,flap
flap,2,verb,flap
flare,1,verb,flare
flash,1,verb,flash
flash,2,noun,flash
flashlight,-,-,flashlight
flat,1,adjective,flat
flat,2,noun,flat
flat,3,adverb,flat
flatten,-,-,flatten
flatter,-,-,flatter
flavour,1,noun,flavor
flaw,-,-,flaw
flawed,-,-,flawed
flee,-,-,flee
fleet,1,noun,fleet
flesh,1,noun,flesh
flexibility,-,-,flexibility
flexible,-,-,flexible
flick,1,verb,flick
flicker,1,verb,flicker
flight,-,-,flight
flight,-,noun,flight
flimsy,-,-,flimsy
fling,1,verb,fling
flip,1,verb,flip
float,1,verb,float
float,2,noun,float
flock,1,noun,flock
flood,1,verb,flud
flood,2,noun,flud
floor,1,noun,flore
flour,1,noun,flour
flourish,1,verb,flurrish
flow,1,noun,flo
flow,2,verb,flo
flower,1,noun,flower
flower,2,verb,flower
flu,-,-,flu
fluctuate,-,-,fluctuate
fluctuation,-,-,fluctuation
fluent,-,-,fluent
fluid,1,noun,fluïd
flush,1,verb,flush
flute,-,-,flute
flutter,1,verb,flutter
fly,1,verb,fly
fly,2,noun,fly
foam,1,noun,foam
focus,1,verb,focus
focus,2,noun,focus
focussed,-,-,focussed
fog,1,noun,fog
foggy,-,-,foggy
foil,1,noun,foil
fold,1,verb,fold
fold,2,noun,fold
folder,-,-,folder
folk,1,noun,folk
follow,-,-,follo
follower,-,-,follower
following,1,adjective,following
following,2,noun,following
following,3,preposition,following
follow-up,1,noun,follow-up
fond,-,-,fond
font,-,-,font
food,-,-,food
fool,1,noun,fool
fool,2,verb,fool
foolish,-,-,foolish
foolproof,-,-,foolproof
foot,1,noun,fwt
footage,-,-,[-feet count, fwtting]
football,-,-,fwtball
footballer,-,-,footballer
footnote,-,-,footnote
footpath,-,-,footpath
footstep,-,-,footstep
for,1,preposition,for
for,2,conjunction,for
forbid,-,-,forbid
force,1,noun,force
force,2,verb,force
forecast,1,noun,fore-cast
forecast,2,verb,fore-cast
forefront,-,-,forefront
forehead,-,-,forehead
foreign,-,-,forrin
foreigner,-,-,forriner
foreman,-,-,foreman
foremost,-,-,foremost
forensic,-,-,forensic
foresee,-,-,foresee
forest,-,-,forrest
forever,-,-,for ever
foreword,-,-,foreword
forge,1,verb,forge
forget,-,-,forget
forgive,-,-,forgiv
forgiveness,-,-,forgiveness
fork,1,noun,fork
form,1,noun,form
form,2,verb,form
formal,1,adjective,formal
formality,-,-,formality
formally,-,-,formally
format,1,noun,format
formation,-,-,formation
former,1,adjective,former
formerly,-,-,formerly
formidable,-,-,formidable
formula,-,-,formula
formulate,-,-,formulate
fort,-,-,fort
forth,-,-,fôrth
forthcoming,-,-,fôrth-cumming
fortnight,-,-,fortnight
fortress,-,-,fortress
fortunate,-,-,fortunate
fortunately,-,-,fortunately
fortune,-,-,fortune
forty,-,-,forty
forum,-,-,forum
forward,1,adverb,forward
forward,2,adjective,forward
forward,3,verb,forward
fossil,-,-,fossil
fossil,-,noun,fossil
foster,1,verb,foster
foster,2,adjective,foster
foul,1,adjective,foul
found,2,verb,found
foundation,-,-,fundation
founder,1,noun,founder
fountain,-,-,fountain
four,-,noun,four
fourteen,-,-,fourteen
fourth,1,adjective,fourth
fourth,2,pronoun,fourth
fox,1,noun,fox
fraction,-,-,fraction
fracture,1,verb,fracture
fracture,2,noun,fracture
fragile,-,-,fragile
fragment,1,noun,fragment
fragrance,-,-,fragrance
frail,-,-,frail
frame,1,noun,frame
frame,2,verb,frame
framework,-,-,B2
franchise,1,noun,right
frank,1,adjective,frank
frankly,-,-,frankly
frantic,-,-,frantic
fraud,-,-,fraud
freak,1,noun,freak
freak,2,adjective,freak
free,1,adjective,free
free,2,verb,free
free,3,adverb,free
freedom,-,-,freedom
freelance,-,adverb,freelance
freely,-,-,freely
freeway,-,-,freeway
freeze,1,verb,freeze
freeze,2,noun,freeze
freezer,-,-,freezer
freezing,1,adjective adverb,freezing
freezing,2,noun,freezing
freight,1,noun,freight
frenzy,-,-,frenzy
frequency,-,-,frequency
frequent,1,adjective,frequent
frequently,-,-,frequently
fresh,1,adjective,fresh
freshly,-,-,freshly
freshman,-,-,freshman
friction,-,-,friction
Friday,-,-,Friday
fridge,-,-,fridge
friend,1,noun,frend
friendly,1,adjective,frendly
friendship,-,-,frendship
fright,-,-,fright
frighten,-,-,frighten
frightened,-,-,frightened
frightening,-,-,frightening
fringe,1,noun,fringe
frog,-,-,frog
from,-,-,from
front,1,noun,frunt
front,2,adjective,frunt
frontier,-,-,frontier
frost,1,noun,frost
frown,1,verb,frown
frown,2,noun,frown
frozen,2,adjective,frozen
fruit,1,noun,fruit
fruitful,-,-,fruitful
frustrate,-,-,frustrate
frustrated,-,-,frustrated
frustrating,-,-,frustrating
frustration,-,-,frustration
fry,1,verb,fry
fry,2,noun,fry
frying,-,noun,frying
fuel,1,noun,fuël
fuel,2,verb,fuël
fulfil,-,-,fulfull
fulfilling,-,-,fulfilling
full,1,adjective,fwll
full,-,1 noun,fwll
full-time,-,adverb,full-time
fully,-,-,fwlly
fumes,-,-,fumes
fun,1,noun,fun
fun,2,adjective,fun
function,1,noun,function
function,2,verb,function
functional,-,-,functional
fund,1,noun,fund
fund,2,verb,fund
fundamental,-,-,fundamental
fundamentally,-,-,fundamentally
funding,-,-,funding
funeral,-,-,funeral
fungus,-,-,fungus
funny,-,-,funny
fur,1,noun,fur
furious,-,-,furious
furnace,-,-,furnace
furnish,-,-,furnish
furniture,-,-,furniture
further,1,adverb,further
further,2,adjective,further
further,3,verb,further
furthermore,-,-,furthermore
fury,-,-,fury
fuss,1,noun,fuss
futile,-,-,futile
future,1,adjective,future
future,2,noun,future
gain,1,verb,gain
gain,2,noun,gain
galaxy,-,-,galaxy
gale,-,-,gale
gallery,-,-,gallery
gallon,-,-,gallon
gallop,1,verb,gallop
gamble,1,verb,gamble
gambling,-,-,gambling
game,1,noun,game
gang,1,noun,gang
gangster,-,-,gangster
gap,-,-,gap
garage,1,noun,garage
garbage,-,-,garbage
garden,1,noun,garden
gardener,-,-,gardener
garlic,-,-,garlic
garment,-,-,garment
gas,1,noun,gas
gasoline,-,-,gasoline
gasp,1,verb,gasp
gasp,2,noun,gasp
gate,1,noun,gate
gateway,-,-,gateway
gather,1,verb,gaddher
gathering,-,-,gathering
gauge,1,noun,gauge
gauge,2,verb,gauge
gay,1,adjective,gay
gay,2,noun,gay
gaze,1,verb,gaze
gaze,2,noun,gaze
gear,1,noun,gear
gel,1,noun,gel
gem,-,-,gem
gender,-,-,jender
gene,-,-,jene
general,1,adjective,jeneral
generalization,-,-,generalization
generalize,-,-,generalize
generally,-,-,generally
generate,-,-,jenerate
generation,-,-,generation
generator,-,-,generator
generic,-,-,jeneric
generosity,-,-,generosity
generous,-,-,jenerous
genetic,-,-,jenetic
genetics,-,-,genetics
genius,-,-,jenius
genocide,-,-,jenocide
genre,-,-,kînd
gentle,-,-,jentle
gentleman,-,-,gentleman
gently,-,-,gently
genuine,-,-,jenuine
genuinely,-,-,genuinely
geographical,-,-,geographical
geography,-,-,jeögraphy
geology,-,-,geology
geometry,-,-,geometry
germ,-,-,germ
gesture,1,noun,jesture
gesture,2,verb,jesture
get,-,-,get
ghastly,-,-,ghastly
ghetto,-,-,ghetto
ghost,1,noun,goast
giant,1,adjective,jiänt
giant,2,noun,jiänt
gift,1,noun,gift
gifted,-,-,gifted
gigantic,-,-,gigantic
giggle,1,verb,giggle
giggle,2,noun,giggle
gin,-,-,gin
ginger,1,noun,ginger
giraffe,-,-,giraffe
girl,-,-,girl
girlfriend,-,-,girlfrend
give,1,verb,giv
given,2,adjective,given
glacier,-,-,glacier
glad,-,-,glad
glamorous,-,-,glamorous
glamour,-,-,glamour
glance,1,verb,glance
glance,2,noun,glance
gland,-,-,gland
glare,1,verb,glare
glare,2,noun,glare
glass,1,noun,glass
gleam,1,verb,gleam
glimpse,1,noun,glimpse
glitter,1,verb,glitter
global,-,-,global
globalization,-,-,globalization
global,-,noun,global
globe,-,-,globe
gloom,-,-,gloom
gloomy,-,-,gloomy
glorious,-,-,glorious
glory,1,noun,glory
glossary,-,-,glossary
glossy,1,adjective,glossy
glove,-,-,glove
glow,1,noun,glow
glow,2,verb,glow
glue,1,noun,glue
go,1,verb,go
go,2,noun,go
goal,-,-,goal
goalkeeper,-,-,goalkeeper
goat,-,-,goat
god,-,-,god
goddess,-,-,goddess
going,1,noun,going
gold,1,noun,gold
gold,2,adjective,gold
golden,-,-,golden
golf,-,-,golf
good,1,adjective,gwd
good,2,noun,gwd
good,-,-,gwd
goodbye,-,-,gwdbye
good,-,-,gwd
good-looking,-,-,good-looking
good,-,interjection,gwd
goodness,-,-,goodness
good,-,-,gwd
goods,-,-,gwds
goodwill,-,-,goodwill
goose,1,noun,goose
gorgeous,-,-,gorgeöus
gossip,1,noun,gossip
gossip,2,verb,gossip
govern,-,-,guvvern
government,-,-,guvverners
governmental,-,-,governmental
governor,-,-,governor
gown,-,-,gown
grab,1,verb,grab
grace,1,noun,grace
graceful,-,-,graceful
grade,1,noun,grade
grade,2,verb,grade
gradual,-,-,gradual
gradually,-,-,gradually
graduate,1,noun,graduate
graduate,2,verb,graduate
graduation,-,-,graduation
graffiti,-,-,graffiti
grain,-,-,grain
gram,-,-,gram
grammar,-,-,grammar
grammatical,-,-,grammatical
grand,1,adjective,grand
grandad,-,-,grandad
grandchild,-,-,grandchild
granddaughter,-,-,granddaughter
grandfather,-,-,grand-faather
grandma,-,-,grandma
grandmother,-,-,grand-muddher
grandpa,-,-,grandpa
grandparent,-,-,grand-parent
grandson,-,-,grandson
granny,1,noun,granny
grant,1,verb,grant
grant,2,noun,grant
grape,-,-,grape
grapefruit,-,-,grapefruit
graph,-,-,graph
graphic,-,-,graphic
grasp,1,verb,grasp
grasp,2,noun,grasp
grass,1,noun,grass
grateful,-,-,grateful
gratitude,-,-,gratitude
grave,1,noun,grave
grave,2,adjective,grave
gravel,-,-,gravel
graveyard,-,-,graveyard
gravity,-,-,gravity
gravy,-,-,gravy
graze,1,verb,graze
great,1,adjective,grate
greatly,-,-,greatly
greed,-,-,greed
greedy,-,-,greedy
green,1,adjective,green
green,2,noun,green
greenhouse,-,noun,greenhouse
greet,-,-,greet
greeting,-,-,greeting
grey,1,adjective,gray
grey,2,noun,gray
grid,-,-,grid
grief,-,-,greef
grievance,-,-,grievance
grieve,-,-,grieve
grill,1,verb,grill
grill,2,noun,grill
grim,-,-,grim
grin,1,verb,grin
grin,2,noun,grin
grind,1,verb,grînd
grip,1,noun,grip
grip,2,verb,grip
gripping,-,-,gripping
groan,1,verb,groan
grocery,-,-,grocery
groom,1,noun,groom
groom,2,verb,groom
groove,-,-,groove
gross,1,adjective,gross
grotesque,1,adjective,grotesque
ground,1,noun,ground
ground,2,verb,ground
group,1,noun,groop
group,2,verb,groop
grove,-,-,grove
grow,-,-,gro
growl,-,-,growl
grown-up,1,adjective,grown-up
grown-up,2,noun,grown-up
growth,-,-,groath
gruesome,-,-,gruesome
grumble,-,-,grumble
grumpy,-,-,grumpy
grunt,1,verb,grunt
guarantee,1,verb,garrantee
guarantee,2,noun,garrantee
guard,1,noun,guard
guard,2,verb,guard
guardian,-,-,guardian
guerrilla,-,-,_guerrilla_
guess,1,verb,guess
guess,2,noun,guess
guest,1,noun,guest
guidance,-,-,gidance
guide,1,noun,gide
guide,2,verb,gide
guideline,-,-,gide-line
guilt,1,noun,gild
guilty,-,-,guilty
guitar,-,-,gittar
guitarist,-,-,guitarist
gulf,-,-,gulf
gum,1,noun,gum
gun,1,noun,gun
gunman,-,-,gunman
gut,1,noun,gut
gutter,1,noun,gutter
guy,-,-,guy
gym,-,-,jymnasium
gymnastics,-,-,gymnastics
gypsy,-,-,gypsy
habit,-,-,habbit
habitat,-,-,habitat
hack,1,verb,hack
hail,1,verb,hail
hair,-,-,hair
haircut,-,-,haircut
hairdresser,-,-,hairdresser
hairdryer,-,-,hairdryer
hairstyle,-,-,hairstyle
half,1,predeterminer pronoun adjectiv,half
half,2,noun,half
half,3,adverb,half
half-brother,-,half14 hearted adjective half15 sister noun,half-brother
halfway,-,adverb,halfway
hall,-,-,hall
Halloween,-,-,Halloween
hallway,-,-,hallway
halt,1,noun,halt
halt,2,verb,halt
halve,-,-,halve
ham,1,noun,ham
hamburger,-,-,hamburger
hammer,1,noun,hammer
hammer,2,verb,hammer
hamper,1,verb,hamper
hand,1,noun,hand
hand,2,verb,hand
handbag,-,-,handbag
handbook,-,-,handbook
handful,-,-,handful
handicap,1,noun,handicap
handkerchief,-,-,handkerchief
handle,1,verb,handle
handle,2,noun,handle
handlebars,-,-,handlebars
handout,-,-,handout
handsome,-,-,handsome
handy,-,-,handy
hang,1,verb,hang
hang,2,noun,hang
hangover,-,-,hangover
happen,-,-,happen
happily,-,-,happily
happiness,-,-,happiness
happy,-,-,happy
harass,-,-,harass
harassment,-,-,harassment
harbour,1,noun,harbor
hard,1,adjective,hard
hard,2,adverb,hard
harden,-,-,harden
hardly,-,-,hardly
hardship,-,-,hardship
hardware,-,-,hardware
hard-working,-,-,hard-working
harm,1,noun,harm
harm,2,verb,harm
harmful,-,-,harmful
harmless,-,-,harmless
harmony,-,-,harmony
harsh,-,-,harsh
harvest,1,noun,harvest
harvest,2,verb,harvest
haste,-,-,haste
hastily,-,-,hastily
hat,-,-,hat
hatch,1,verb,hatch
hate,1,verb,hate
hate,2,noun,hate
hatred,-,-,hatrèd
haul,1,verb,haul
haunt,1,verb,haunt
haunted,-,-,haunted
have,1,auxiliary verb,have
have,2,verb,have
have,3,verb,have
haven,-,-,haven
hay,-,-,hay
hazard,1,noun,hasard
hazardous,-,-,hazardous
he,1,pronoun,he
head,1,noun,hed
head,2,verb,hed
headache,-,-,hed ake
heading,-,-,heading
headline,1,noun,hedline
headmaster,-,-,headmaster
headphones,-,-,headphones
headquarters,-,-,hed quarters
head,-,noun,hed
heal,-,-,heal
health,-,-,helth
health,-,noun,helth
healthy,-,-,helthy
heap,1,noun,heap
hear,-,-,hear
hearing,-,-,hearing
heart,1,noun,hart
heart,-,noun,hart
heat,1,noun,heat
heat,2,verb,heat
heated,-,-,heated
heater,-,-,heater
heating,-,-,heating
heave,1,verb,heave
heaven,-,-,hevven
heavenly,-,-,heavenly
heavily,-,-,hevvily
heavy,1,adjective,hevvy
hedge,1,noun,hedge
heel,1,noun,heel
hefty,-,-,hefty
height,-,-,hight
heighten,-,-,highten
heir,-,-,heir
helicopter,-,-,helicopter
hell,1,noun,hell
hello,-,noun,hello
helmet,-,-,helmet
help,1,verb,help
help,2,noun,help
helper,-,-,helper
helpful,-,-,helpful
helping,-,-,helping
helpless,-,-,helpless
hemisphere,-,-,hemisphere
hen,-,-,hen
hence,-,-,hence
her,1,determiner,her
her,2,pronoun,her
herald,1,verb,herald
herb,-,-,herb
herd,1,noun,herd
here,-,-,here
hereditary,-,-,hereditary
heritage,1,noun,heritage
hero,-,-,hero
heroic,-,-,heroic
heroine,-,-,heroine
hers,-,-,hers
herself,-,-,herself
hesitate,-,-,hesitate
hesitation,-,-,hesitation
heterosexual,-,-,heterosexual
hey,-,-,hey
hi,-,-,hi
hidden,2,adjective,hidden
hide,1,verb,hide
hierarchical,-,-,hierarchical
hierarchy,-,-,hiërarkhy
high,1,adjective,high
high,2,adverb,high
high,3,noun,high
high-level,-,-,high-level
highlight,1,verb,highlight
highlight,2,noun,highlight
highly,-,-,highly
high,-,noun,high
high-speed,-,-,high-speed
high-tech,-,-,high-tech
highway,-,-,highway
hijack,1,verb,hijack
hike,1,noun,hike
hike,2,verb,hike
hiking,-,-,hiking
hilarious,-,-,hilarious
hill,-,-,hill
hillside,-,-,hillside
hilly,-,-,hilly
him,-,-,him
himself,-,-,himself
hinder,-,-,hinder
hint,1,noun,hint
hint,2,verb,hint
hip,1,noun,hip
hire,1,verb,hire
his,-,pronoun,his
hiss,-,-,hiss
historian,-,-,historian
historic,-,-,historic
historical,-,-,historical
history,-,-,history
hit,1,verb,hit
hit,2,noun,hit
hitchhike,-,-,hitchhike
hitherto,-,-,hitherto
hobby,-,-,hobby
hockey,-,-,hockey
hold,1,verb,hold
hold,2,noun,hold
holder,-,-,holder
hole,1,noun,hole
holiday,1,noun,holliday
hollow,1,adjective,hollo
holy,-,-,holy
home,1,noun,home
home,2,adverb,home
home,3,adjective,home
home,4,verb,home
homeland,-,-,homeland
homeless,-,-,homeless
homeowner,-,-,homeowner
homepage,-,-,homepage
homesick,-,-,homesick
homework,-,-,home work
homicide,-,-,homicide
homogeneous,-,-,homogeneous
homosexual,-,-,homosexual
honest,-,-,onnest
honestly,-,-,honestly
honesty,-,-,onnesty
honey,-,-,honey
honeymoon,1,noun,honeymoon
honorary,-,-,honorary
honour,1,noun,onnor
honour,2,verb,onnor
honourable,-,-,honourable
hood,-,-,hwd
hoof,1,noun,hoof
hook,1,noun,hwck
hook,2,verb,hwck
hooray,-,-,hooray
hop,1,verb,hop
hope,1,verb,hope
hope,2,noun,hope
hopeful,1,adjective,hopeful
hopefully,-,-,hopefully
hopeless,-,-,hopeless
horizon,-,-,horizon
horizontal,1,adjective,horizontal
horn,1,noun,horn
horrendous,-,-,horrendous
horrible,-,-,horrible
horrific,-,-,horrific
horrify,-,-,horrify
horror,-,-,horror
horse,1,noun,horse
hose,1,noun,hose
hospital,-,-,hospital
hospitality,-,-,hospitality
host,1,noun,hoast
host,2,verb,hoast
hostage,-,-,hostage
hostel,-,-,hostel
hostile,-,-,hostile
hostility,-,-,hostility
hot,1,adjective,hot
hotel,-,-,hostel
hour,-,-,óur
house,1,noun,houce
household,1,noun,houce-hold
household,2,adjective,houce-hold
housewife,-,-,housewife
housework,-,-,housework
housing,-,-,housing
hover,-,-,hover
how,-,-,how
however,1,adverb,however
however,2,conjunction,however
howl,1,verb,howl
howl,2,noun,howl
hub,-,-,hub
huddle,1,verb,huddle
hug,1,verb,hug
hug,2,noun,hug
huge,-,-,huge
hugely,-,-,hugely
hum,1,verb,hum
human,1,adjective,human
human,2,noun,human
humanitarian,-,-,humanitarian
humanity,-,-,humanity
human,-,noun,human
humble,1,adjective,humble
humid,-,-,humid
humidity,-,-,humidity
humiliate,-,-,humiliate
humiliation,-,-,humiliation
humorous,-,-,humorous
humour,1,noun,humor
hundred,-,noun,hundred
hunger,1,noun,hunger
hungry,-,-,hungry
hunt,1,verb,hunt
hunt,2,noun,hunt
hunter,-,-,hunter
hunting,-,-,hunting
hurdle,1,noun,hurdle
hurl,-,-,hurl
hurricane,-,-,hurricane
hurry,1,verb,hurry
hurry,2,noun,hurry
hurt,1,verb,hurt
hurt,2,adjective,hurt
hurt,3,noun,hurt
hurtful,-,-,hurtful
husband,1,noun,husband
hut,-,-,hut
hybrid,-,-,hybrid
hydrogen,-,-,hydrogen
hygiene,-,-,hygiene
hygienic,-,-,hygienic
hymn,-,-,hymn
hyphen,-,-,hyphen
hypocrisy,-,-,hypocrisy
hypocritical,-,-,hypocritical
hypothesis,-,-,hypothesis
hypothetical,-,-,hypothetical
hysteria,-,-,hysteria
hysterical,-,-,hysterical
I,1,pronoun,I
ice,1,noun,ice
iceberg,-,-,iceberg
ice,-,noun,ice
icon,-,-,icon
icy,-,-,icy
idea,-,-,eideä
ideal,1,adjective,eideäl
ideal,2,noun,eideäl
idealistic,-,-,idealistic
ideally,-,-,ideally
identical,-,-,identical
identifiable,-,-,identifiable
identification,-,-,identification
identify,-,-,identify
identity,-,-,identity
ideological,-,-,ideölogical
ideology,-,-,ideölogy
idiom,-,-,idiom
idiomatic,-,-,idiomatic
idiot,-,-,iddiot
idle,1,adjective,idle
idol,-,-,idol
i.e.,-,-,i.e.
if,1,conjunction,if
ignorance,-,-,ignorance
ignorant,-,-,ignorant
ignore,-,-,ignore
ill,1,adjective,ill
illegal,1,adjective,illegal
illicit,-,-,illicit
illness,-,-,illness
illuminate,-,-,illuminate
illusion,-,-,illusion
illustrate,-,-,illustrate
illustration,-,-,illustration
image,-,-,image
imagery,-,-,imagery
imaginary,-,-,imaginary
imagination,-,-,imagination
imaginative,-,-,imaginative
imagine,-,-,imadgine
imbalance,-,-,imbalance
imitate,-,-,imitate
imitation,-,-,imitation
immaculate,-,-,immaculate
immature,-,-,immature
immediate,-,-,immediate
immediately,1,adverb,immediately
immense,-,-,immense
immensely,-,-,immensely
immigrant,-,-,immigrant
immigrate,-,-,immigrate
immigration,-,-,immigration
imminent,-,-,imminent
immune,-,-,immune
immunity,-,-,immunity
impact,1,noun,impact
impair,-,-,impair
impartial,-,-,impartial
impatient,-,-,impatient
imperfect,1,adjective,imperfect
impetus,-,-,impetus
implement,1,verb,implement
implicate,-,-,implicate
implication,-,-,implication
implicit,-,-,implicit
imply,-,-,imply
import,1,noun,import
import,2,verb,import
importance,-,-,importance
important,-,-,important
importantly,-,-,importantly
importer,-,-,importer
impose,-,-,impose
imposition,-,-,imposition
impossible,1,adjective,impossible
impress,-,-,impress
impression,-,-,impression
impressive,-,-,impressive
imprison,-,-,imprison
imprisonment,-,-,imprisonment
improve,-,-,improove
improved,-,-,improved
improvement,-,-,improoval
impulse,-,-,impulse
impulsive,-,-,impulsive
in,1,preposition,in
in,2,adverb,in
inability,-,-,inability
inaccurate,-,-,inaccurate
inadequate,-,-,inadequate
inappropriate,-,-,inappropriate
inbox,-,-,inbox
incapable,-,-,incapable
incentive,-,-,incentive
inch,1,noun,inch
incident,-,-,incident
incidentally,-,-,incidentally
inclination,-,-,inclination
inclined,-,-,inclined
include,-,-,include
including,-,-,including
inclusion,-,-,inclusion
inclusive,-,-,inclusive
income,-,-,incum
incompatible,-,-,incompatible
incomplete,1,adjective,incomplete
incomprehensible,-,-,incomprehensible
inconsiderate,-,-,inconsiderate
inconsistent,-,-,inconsistent
inconvenient,-,-,inconvenient
incorporate,-,-,incorporate
incorrect,-,-,incorrect
increase,1,verb,increase
increase,2,noun,increase
increasingly,-,-,increasingly
incredible,-,-,incredible
incredibly,-,-,incredibly
incur,-,-,incur
indecisive,-,-,indecisive
indeed,-,-,indeed
indefinite,-,-,indefinite
indefinitely,-,-,indefinitely
independence,-,-,independence
independent,-,-,independent
index,1,noun,index
indicate,-,-,indicate
indication,-,-,indication
indicative,1,adjective,indicative
indicator,-,-,indicator
indict,-,-,indict
indictment,-,-,indiction
indifference,-,-,indifference
indifferent,-,-,indifferent
indirect,-,-,indirect
indispensable,-,-,indispensable
indistinguishable,-,-,indistinguishable
individual,1,adjective,individual
individual,2,noun,individual
individuality,-,-,individuality
individually,-,-,individually
indoor,-,-,indore
indoors,-,-,indores
induce,-,-,induce
indulge,-,-,indulge
industrial,-,-,industrial
industrialist,-,-,industrialist
industrialized,-,-,industrialized
industry,-,-,industry
ineffective,-,-,ineffective
inefficient,-,-,inefficient
inequality,-,-,inequality
inevitable,-,-,inevitable
inevitably,-,-,inevitably
inexpensive,-,-,inexpensive
inexperienced,-,-,inexperienced
infamous,-,-,infamous
infant,1,noun,infant
infect,-,-,infect
infection,-,-,infection
infectious,-,-,infectious
infer,-,-,infer
inference,-,-,inference
inferior,1,adjective,inferior
infinite,-,-,infinite
infinitely,-,-,infinitely
infinitive,-,-,infinitive
inflation,-,-,inflation
inflict,-,-,inflict
influence,1,noun,influence
influence,2,verb,influence
influential,-,-,influëntial
inform,-,-,inform
informal,-,-,informal
informant,-,-,informant
information,-,-,information
informative,-,-,informative
informed,-,-,informed
infrastructure,-,-,infrastructure
infringe,-,-,infringe
ingenious,-,-,ingenious
ingredient,-,-,ingredient
inhabit,-,-,inhabit
inhabitant,-,-,inhabitant
inherent,-,-,inherent
inherit,-,-,inherit
inheritance,-,-,inheritance
inhibit,-,-,inhibit
inhibition,-,-,inhibition
initial,1,adjective,initial
initial,2,noun,initial
initially,-,-,initially
initiate,1,verb,initiate
initiative,-,-,initiative
inject,-,-,inject
injection,-,-,injection
injure,-,-,injure
injured,-,-,injured
injury,-,-,injury
injustice,-,-,injustice
ink,1,noun,ink
inmate,-,-,inmate
inn,-,-,inn
innate,-,-,innate
inner,-,-,inner
innocence,-,-,innocence
innocent,1,adjective,innocent
innovation,-,-,innovation
innovative,-,-,innovative
input,1,noun,input
input,2,verb,input
inquire,-,-,inquire
inquiry,-,-,inquiry
insane,-,-,insane
inscription,-,-,inscription
insect,-,-,insect
insecure,-,-,insecure
insert,1,verb,insert
inside,1,adverb preposition,inside
inside,2,noun,inside
inside,3,adjective,inside
insight,-,-,insight
insignificant,-,-,insignificant
insincere,-,-,insincere
insist,-,-,insist
inspect,-,-,inspect
inspection,-,-,inspection
inspector,-,-,inspector
inspiration,-,-,inspiration
inspire,-,-,inspire
install,-,-,install
installation,-,-,installation
instance,1,noun,instance
instant,1,adjective,instant
instant,2,noun,instant
instantly,-,-,instantly
instead,-,-,insted
instinct,-,-,instinct
instinctive,-,-,instinctive
institute,1,noun,institute
institution,-,-,institution
institutional,-,-,institutional
instruct,-,-,instruct
instruction,-,-,instruction
instructor,-,-,instructor
instrument,-,-,instrument
insufficient,-,-,insufficient
insult,1,verb,insult
insult,2,noun,insult
insulting,-,-,insulting
insurance,-,-,insurance
insure,-,-,insure
intact,-,-,intact
integral,-,-,integral
integrate,-,-,integrate
integration,-,-,integration
integrity,-,-,integrity
intellect,-,-,intellect
intellectual,1,adjective,intellectual
intellectual,2,noun,intellectual
intelligence,-,-,intelligence
intelligent,-,-,intelligent
intend,-,-,intend
intense,-,-,intense
intensify,-,-,intensify
intensity,-,-,intensity
intensive,-,-,intensive
intent,1,adjective,intent
intent,2,noun,intent
intention,-,-,intention
intentional,-,-,intentional
interact,-,-,interact
interaction,-,-,interaction
interactive,-,-,interactive
intercept,-,-,intercept
interest,1,noun,interest
interest,2,verb,interest
interested,-,-,interested
interesting,-,-,interesting
interface,1,noun,interface
interfere,-,-,interfere
interference,-,-,interference
interim,1,adjective,interim
interior,1,noun,interior
interior,2,adjective,interior
intermediate,1,adjective,intermediate
internal,-,-,internal
international,1,adjective,internassional
Internet,-,-,Internet
interpret,-,-,interpret
interpretation,-,-,interpretation
interpreter,-,-,interpreter
interrogation,-,-,interrogation
interrupt,-,-,interrupt
intersection,-,-,intersection
interval,-,-,interval
intervene,-,-,intervene
intervention,-,-,intervention
interview,1,noun,intervew
interview,2,verb,intervew
interviewer,-,-,interviewer
intimate,1,adjective,intimate
intimidate,-,-,intimidate
into,-,-,into
intolerable,-,-,intolerable
intolerance,-,-,intolerance
intricate,-,-,intricate
intrigue,1,verb,intrigue
intrinsic,-,-,intrinsic
introduce,-,-,introduce
introduction,-,-,introduction
introductory,-,-,introductory
introvert,-,-,introvert
intrude,-,-,intrude
intruder,-,-,intruder
intrusion,-,-,intrusion
intuition,-,-,intuition
invade,-,-,invade
invalid,1,adjective,invalid
invalidate,-,-,invalidate
invaluable,-,-,invaluable
invariably,-,-,invariably
invasion,-,-,invasion
invent,-,-,invent
invention,-,-,invention
inventory,-,-,inventory
inverted,-,noun,inverted
invest,-,-,invest
investigate,-,-,investigate
investigation,-,-,investigation
investigator,-,-,investigator
investment,-,-,investiment
investor,-,-,investor
invisible,-,-,invisible
invitation,-,-,invitation
invite,1,verb,invite
invoice,1,noun,invoice
involve,-,-,involve
involved,-,-,involved
involvement,-,-,involvement
inward,-,-,inward
iron,1,noun,iërn
iron,2,verb,iërn
ironic,-,-,ironic
ironically,-,-,ironically
irony,-,-,irony
irrational,-,-,irrational
irregular,1,adjective,irregular
irrelevant,-,-,irrelevant
irresistible,-,-,irresistible
irresponsible,-,-,irresponsible
irritate,-,-,irritate
irritated,-,-,irritated
irritating,-,-,irritating
island,-,-,iland
isolate,-,-,isolate
isolated,-,-,isolated
isolation,-,-,isolation
issue,1,noun,issue
issue,2,verb,issue
it,1,pronoun,it
IT,-,-,IT
itch,1,verb,itch
itchy,-,-,itchy
item,-,-,item
its,-,-,its
itself,-,-,itself
ivory,-,-,ivory
jacket,-,-,jacket
jail,1,noun,jail
jail,2,verb,jail
jam,1,noun,jam
jam,2,verb,jam
January,-,-,January
jar,1,noun,jar
jargon,-,-,jargon
jaw,1,noun,jaw
jazz,1,noun,jazz
jealous,-,-,jealous
jealousy,-,-,jealousy
jeans,-,-,jeans
jelly,-,-,jelly
jerk,1,verb,jerk
jet,1,noun,jet
jewel,-,-,jewel
jewellery,-,-,jewelry
jigsaw,-,-,jigsaw
job,-,-,job
jog,1,verb,jog
jogging,-,-,jogging
join,1,verb,join
joint,1,adjective,joint
joke,1,noun,joke
joke,2,verb,joke
journal,-,-,jurnal
journalism,-,-,jurnalism
journalist,-,-,jurnalist
journey,1,noun,jurny
joy,1,noun,joy
judge,1,noun,judge
judge,2,verb,judge
judgment,-,-,judgment
judo,-,-,judo
jug,-,-,jug
juggle,-,-,juggle
juice,1,noun,juice
juicy,-,-,juicy
July,-,-,July
jump,1,verb,jump
jump,2,noun,jump
jumper,-,-,jumper
junction,-,-,junction
June,-,-,June
jungle,-,-,jungle
junior,1,adjective,junior
junior,2,noun,junior
junk,1,noun,junk
jury,-,-,jury
just,1,adverb,just
just,2,adjective,just
justice,-,-,justice
justification,-,-,justification
justified,-,-,justified
justify,-,-,justify
karate,-,-,karate
keen,1,adjective,keen
keep,1,verb,keep
ketchup,-,-,ketchup
kettle,-,-,kettle
key,1,noun,kee
key,2,adjective,kee
key,3,verb,kee
keyboard,1,noun,kee board
kick,1,verb,kick
kick,2,noun,kick
kid,1,noun,kid
kid,2,verb,kid
kidnap,-,-,kidnap
kidney,-,-,kidny
kill,1,verb,kill
killer,1,noun,killer
killing,-,-,killing
kilo,-,-,kilo
kilogram,-,-,kilogram
kilometre,-,-,kilometer
kind,1,noun,kînd
kind,2,adjective,kînd
kindly,1,adverb,kindly
kindness,-,-,kindness
king,-,-,king
kingdom,-,-,kingdom
kiss,1,verb,kiss
kiss,2,noun,kiss
kit,1,noun,kit
kitchen,-,-,kitchen
kite,1,noun,kite
kitten,-,-,kitten
knee,1,noun,knee
kneel,-,-,kneel
knife,1,noun,knife
knight,1,noun,knight
knit,-,-,knit
knitting,-,-,knitting
knock,1,verb,knock
knock,2,noun,knock
knot,1,noun,knot
know,1,verb,kno
knowledge,-,-,knolledge
known,2,adjective,known
lab,-,-,lab
label,1,noun,label
label,2,verb,label
laboratory,-,-,laboratory
labour,1,noun,labor
labour,2,verb,labor
labourer,-,-,labourer
lace,1,noun,lace
lack,1,noun,lack
lack,2,verb,lack
lacking,-,-,lacking
lad,-,-,lad
ladder,1,noun,ladder
lady,-,-,lady
lag,1,verb,lag
lake,-,-,lake
lamb,1,noun,lamb
lamp,-,-,lamp
land,1,noun,land
land,2,verb,land
landing,-,-,landing
landlord,-,-,landlord
landmark,-,-,landmark
landowner,-,-,landowner
landscape,1,noun,landscape
lane,-,-,lane
language,-,-,language
lap,1,noun,lap
laptop,-,-,laptop
large,1,adjective,large
largely,-,-,largely
large-scale,-,-,large-scale
laser,-,-,laser
last,1,determiner adjective,last
last,2,adverb,last
last,3,noun pronoun,last
last,4,verb,last
lasting,-,-,lasting
lastly,-,-,lastly
last-minute,-,-,last-minute
last,-,noun,last
late,1,adjective,late
late,2,adverb,late
lately,-,-,lately
later,1,adverb,later
latest,1,adjective,latest
latter,1,noun,latter
latter,2,adjective,latter
laugh,1,verb,laff
laugh,2,noun,laff
laughter,-,-,lafter
launch,1,verb,launch
launch,2,noun,launch
laundry,-,-,laundry
lavatory,-,-,lavatory
lavish,1,adjective,lavish
lavish,2,verb,lavish
law,-,-,law
lawful,-,-,lawful
lawmaker,-,-,lawmaker
lawn,-,-,lawn
lawsuit,-,-,lawsuit
lawyer,-,-,lawyer
lay,2,verb,lay
lay,3,adjective,lay
layer,1,noun,layer
layout,-,-,lay-out
lazy,-,-,lazy
lead,1,verb,lead
lead,2,noun,lead
leader,-,-,leader
leadership,-,-,leadership
leading,1,adjective,leading
leaf,1,noun,leaf
leaflet,1,noun,leaflet
league,-,-,league
leak,1,verb,leak
leak,2,noun,leak
lean,1,verb,lean
leap,1,verb,leap
leap,2,noun,leap
learn,-,-,lern
learner,-,-,learner
learning,-,-,lerning
lease,1,noun,lease
lease,2,verb,lease
leash,1,noun,leash
least,1,determiner pronoun,least
least,2,adverb,least
leather,-,-,leather
leave,1,verb,leave
leave,2,noun,leave
lecture,1,noun,lecture
lecture,2,verb,lecture
lecturer,-,-,lecturer
ledge,-,-,ledge
left,1,adjective,left
left,2,adverb,left
left,3,noun,left
left-hand,-,-,left-hand
left-handed,-,-,left-handed
left-wing,-,-,left-wing
leg,1,noun,leg
legacy,1,noun,legacy
legal,-,-,legal
legalize,-,-,legalize
legally,-,-,legally
legend,1,noun,legend
legendary,-,-,legendary
legislation,-,-,legislation
legislative,-,-,legislative
legislator,-,-,legislator
legislature,-,-,legislature
legitimate,1,adjective,legitimate
leisure,-,-,lezzure
leisure,-,noun,lezzure
lemon,1,noun,lemmon
lemonade,-,-,lemonade
lend,-,-,lend
lender,-,-,lender
length,-,-,length
lengthy,-,-,lengthy
lens,-,-,lens
less,1,adverb,less
less,2,determiner pronoun,less
lessen,-,-,lessen
lesser,-,-,lesser
lesson,-,-,lesson
lest,-,-,lest
let,1,verb,let
letdown,-,-,letdown
lethal,-,-,lethal
let's,-,-,let's
letter,1,noun,letter
lettuce,-,-,lettuce
level,1,noun,levvel
level,2,adjective,levvel
level,3,verb,levvel
lever,1,noun,lever
liability,-,-,liability
liable,-,-,liable
liaison,-,-,liaison
liar,-,-,liar
libel,1,noun,libel
liberal,1,adjective,liberal
liberal,2,noun,liberal
liberate,-,-,liberate
liberty,-,-,liberty
librarian,-,-,librarian
library,-,-,library
licence,-,-,licence
licensed,-,-,licensed
lick,1,verb,lick
lid,-,-,lid
lie,1,verb,lie
lie,2,verb,lie
lie,3,noun,lie
life,-,-,life
lifelong,-,-,lifelong
lifespan,-,-,lifespan
lifestyle,-,-,life style
lifetime,-,-,lifetime
lift,1,verb,lift
lift,2,noun,lift
light,1,noun,light
light,2,adjective,light
light,3,verb,light
lighting,-,-,lighting
lightly,-,-,lightly
lightning,1,noun,lightning
like,1,preposition,like
like,2,verb,like
like,3,noun,like
like,4,conjunction,like
like5,-,-,like5
likelihood,-,-,likelihwd
likely,1,adjective,likely
likely,2,adverb,likely
likewise,-,-,B2
limb,-,-,lim
lime,1,noun,lime
limit,1,noun,limmit
limit,2,verb,limmit
limitation,-,-,B2
limited,-,-,limmited
line,1,noun,line
line,2,verb,line
linen,-,-,linen
liner,-,-,liner
linger,-,-,lingger
linguist,-,-,linguist
linguistic,-,-,linguistic
linguistics,-,-,linguistics
lining,-,-,lining
link,1,verb,link
link,2,noun,link
lion,-,-,liön
lip,-,-,lip
lipstick,-,-,lipstick
liquid,1,noun,liquid
liquid,2,adjective,liquid
liquor,-,-,liquor
list,1,noun,list
list,2,verb,list
listen,1,verb,lissen
listener,-,-,lissener
listing,-,-,listing
literacy,-,-,literacy
literal,-,-,literal
literally,-,-,literally
literary,-,-,literary
literature,-,-,literature
litre,-,-,leter
litter,1,noun,litter
little,1,adjective,little
little,2,determiner pronoun,little
little,3,adverb,little
live,1,verb,live
live,2,adjective,live
live,3,adverb,live
lively,-,-,lively
liver,-,-,[liver,livver]
livestock,-,-,livestock
living,1,adjective,livving
living,2,noun,livving
living,-,noun,livving
lizard,-,-,lizard
load,1,noun,load
load,2,verb,load
loaf,1,noun,loaf
loan,1,noun,loan
loan,2,verb,loan
lobby,1,noun,lobby
lobby,2,verb,lobby
lobster,-,-,lobster
local,1,adjective,local
locally,-,-,locally
locate,-,-,locate
location,-,-,location
lock,1,verb,lock
lock,2,noun,lock
locker,-,-,locker
lodge,1,verb,lodge
lodge,2,noun,lodge
loft,1,noun,loft
log,1,noun,log
log,2,verb,log
logic,-,-,logic
logical,-,-,logical
logo,-,-,logo
lonely,-,-,lonely
lonesome,-,-,lonesome
long,1,adjective,long
long,2,adverb,long
long,3,verb,long
long-distance,-,-,long-distance
long-term,-,-,long-term
look,1,verb,lwk
look,2,noun,lwk
loom,1,verb,loom
loop,1,noun,loop
loose,1,adjective,looce
loosely,-,-,loosely
loosen,-,-,loosen
lorry,-,-,lorry
lose,-,-,lose
loser,-,-,loser
loss,-,-,loss
lost,2,adjective,lost
lot,1,pronoun adverb,lot
lot,2,noun,lot
lottery,-,-,lottery
loud,1,adjective,loud
loud,2,adverb,loud
lounge,1,noun,lounge
lounge,2,verb,lounge
love,1,verb,luv
love,2,noun,luv
lovely,-,-,luvly
lover,-,-,lover
loving,-,-,loving
low,1,adjective,lo
low,2,adverb,lo
low,3,noun,lo
lower,1,adjective,loër
lower,2,verb,loër
loyal,-,-,faithful
loyalty,-,-,faith
luck,1,noun,luck
luckily,-,-,luckily
lucky,-,-,lucky
lucrative,-,-,lucrative
luggage,-,-,luggage
lump,1,noun,lump
lunch,1,noun,lunch
lunchtime,-,-,lunchtime
lung,-,-,lung
lure,1,verb,lure
lure,2,noun,lure
lurk,-,-,lurk
luxurious,-,-,luxurious
luxury,-,-,luxury
lyric,1,noun,lyric
machine,1,noun,makhine
machinery,-,-,makhinary
mad,-,-,mad
madam,-,-,madam
madness,-,-,madness
magazine,-,-,maggazene
magic,1,noun,madgic
magic,2,adjective,madgic
magical,-,-,magical
magistrate,-,-,magistrate
magnet,-,-,magnet
magnetic,-,-,magnetic
magnificent,-,-,magnificent
magnitude,-,-,magnitude
maid,-,-,maid
maiden,-,noun,maiden
mail,1,noun,mail
mail,2,verb,mail
mailbox,-,-,mailbox
main,1,adjective,main
main,-,noun,main
mainland,-,-,mainland
mainly,-,-,mainly
mainstream,1,noun,main-stream
maintain,-,-,maintain
maintenance,-,-,maintenence
major,1,adjective,major
major,2,noun,major
major,3,verb,major
majority,-,-,majority
make,1,verb,make
make,2,noun,make
maker,-,-,maker
make-up,-,-,make-up
male,1,adjective,male
male,2,noun,male
mall,-,-,mall
mama,1,noun,mama
mammal,-,-,mammal
man,1,noun,man
man,2,verb,man
manage,-,-,mannage
management,-,-,management
manager,-,-,manager
managerial,-,-,managerial
mandate,1,noun,mandate
mandatory,-,-,mandatory
maniac,-,-,maniac
manifest,1,verb,manifest
manipulate,-,-,manipulate
mankind,-,-,mankind
man-made,-,-,man-made
manner,-,-,manner
manoeuvre,1,noun,manoeuvre
mansion,-,-,mansion
manslaughter,-,-,manslaughter
manual,1,adjective,manual
manual,2,noun,manual
manufacture,1,verb,manufacture
manufacturer,-,-,manufacturer
manufacturing,-,-,manufacturing
manuscript,-,-,manuscript
many,-,pronoun adjective,many
map,1,noun,map
map,2,verb,map
maple,-,-,maple
mar,-,-,mar
marathon,1,noun,marathon
marble,-,-,marble
march,1,verb,march
march,2,noun,march
March,-,-,March
margarine,-,-,margarine
margin,-,-,margin
marginal,-,-,marginal
marine,-,-,marine
marital,-,-,marital
maritime,-,-,maritime
mark,1,verb,mark
mark,2,noun,mark
marked,-,-,marked
markedly,-,-,markedly
marker,-,-,marker
market,1,noun,market
marketing,-,-,marketing
marketplace,-,-,marketplace
marriage,-,-,marriage
married,-,-,married
marry,-,-,marry
martyr,1,noun,martyr
marvellous,-,-,marvellous
masculine,-,-,masculine
mask,1,noun,mask
mass,1,noun,mass
mass,2,adjective,mass
massacre,1,noun,massacre
massacre,2,verb,massacre
massage,1,noun,massage
massive,-,-,massive
mast,-,-,mast
master,1,noun,master
master,2,verb,master
masterpiece,-,-,masterpiece
mat,1,noun,mat
match,1,noun,match
match,2,verb,match
matching,-,-,matching
mate,1,noun,mate
mate,2,verb,mate
material,1,noun,material
material,2,adjective,material
maternal,-,-,maternal
maternity,1,adjective,maternity
math,-,-,math
mathematical,-,-,mathematical
mathematics,-,-,mathematics
maths,-,-,maths
matter,1,noun,matter
matter,2,verb,matter
mattress,-,-,mattress
mature,1,adjective,mature
mature,2,verb,mature
maturity,-,-,maturity
maximize,-,-,maximize
maximum,1,adjective,maximum
maximum,2,noun,maximum
may,1,modal verb,may
May,-,-,May
maybe,-,-,maybe
mayor,-,-,mayor
maze,-,-,maze
me,-,-,me
meadow,-,-,meadow
meal,-,-,meal
mean,1,verb,mean
mean,2,adjective,mean
meaning,-,-,meaning
meaningful,-,-,meaningful
meaningless,-,-,meaningless
means,-,-,means
meantime,-,-,meantime
meanwhile,-,-,meanwhile
measure,1,verb,mensure
measure,2,noun,mensure
measurement,-,-,mensuration
meat,-,-,meat
mechanic,-,-,mechanic
mechanical,-,-,mechanical
mechanism,-,-,mechanism
medal,1,noun,meddal
media,-,-,media
mediate,-,-,mediate
medical,1,adjective,medical
medication,-,-,medication
medicine,-,-,medicine
medieval,-,-,medieval
meditation,-,-,meditation
medium,1,adjective,medium
medium,2,noun,medium
meet,1,verb,meet
meet,2,noun,meet
meeting,-,-,meeting
megabyte,-,-,megabyte
melody,-,-,melody
melon,-,-,melon
melt,-,-,melt
member,-,-,member
membership,-,-,membership
memoir,-,-,memory
memorable,-,-,memorable
memorial,1,noun,memorial
memorize,-,-,memorize
memory,-,-,memory
menace,1,noun,menace
mend,1,verb,mend
mental,-,-,mental
mentality,-,-,mentality
mention,1,verb,mention
mention,2,noun,mention
mentor,1,noun,mentor
menu,-,-,mennu
merchandise,1,noun,merchandise
merchant,-,-,mercant
mercy,-,-,mercy
mere,1,adjective,mere
merely,-,-,merely
merge,-,-,merge
merger,-,-,merger
merit,1,noun,merrit
merit,2,verb,merrit
merry,-,-,merry
mess,1,noun,mess
mess,2,verb,mess
message,1,noun,message
messenger,1,noun,messenger
messy,-,-,messy
metal,-,-,mettal
metaphor,-,-,metaphor
metaphorical,-,-,metaphorical
meter,1,noun,meter
method,-,-,metthod
methodology,-,-,methodology
metre,-,-,meter
microphone,-,-,microphone
microscope,-,-,microscope
microwave,1,noun,microwave
midday,-,-,midday
middle,1,noun,middle
middle,2,adjective,middle
middle,-,noun,middle
middle-aged,-,-,middle-aged
middle,-,noun,middle
middle-class,-,-,middle-class
middle,-,noun,middle
midnight,-,-,midnight
midst,1,noun,midst
midway,-,adverb,midway
midwife,-,-,midwife
might,1,modal verb,might
might,2,noun,might
mighty,1,adjective,mighty
migrant,-,-,migrant
migrate,-,-,migrate
migration,-,-,migration
mild,1,adjective,mîld
mildly,-,-,mildly
mile,-,-,mile
milestone,-,-,milestone
militant,-,-,militant
military,1,adjective,military
military,2,noun,military
militia,-,-,militia
milk,1,noun,milk
mill,1,noun,mill
millennium,-,-,millennium
millimetre,-,-,millimetre
million,-,-,million
millionaire,-,-,millionaire
mind,1,noun,mind
mind,2,verb,mind
mine,1,pronoun,mine
mine,2,noun,mine
mine,3,verb,mine
miner,-,-,miner
mineral,-,-,mineral
mingle,-,-,mingle
miniature,1,adjective,miniature
minimal,-,-,minimal
minimize,-,-,minimize
minimum,1,adjective,minimum
minimum,2,noun,minimum
mining,-,-,mining
minister,1,noun,minister
ministry,-,-,ministry
minor,1,adjective,minor
minor,2,noun,minor
minority,-,-,minority
mint,1,noun,mint
minus,1,preposition,minus
minus,2,noun,minus
minute,1,noun,minute
minute,2,adjective,minute
miracle,-,-,miracle
mirror,1,noun,mirror
mirror,2,verb,mirror
mischief,-,-,mischief
miserable,-,-,miserable
misery,-,-,misery
misfortune,-,-,misfortune
mishap,-,-,mishap
misjudge,-,-,misjudge
mislead,-,-,mislead
misleading,-,-,misleading
miss,1,verb,miss
miss,2,noun,miss
missile,-,-,missile
missing,-,-,missing
mission,-,-,mission
missionary,1,noun,missionary
mist,1,noun,mist
mistake,1,noun,mistake
mistake,2,verb,mistake
mistaken,-,-,mistaken
mister,-,-,mister
misty,-,-,misty
misunderstand,-,-,misunderstand
misunderstanding,-,-,misunderstanding
misuse,1,verb,misuse
mix,1,verb,mix
mix,2,noun,mix
mixed,-,-,mixed
mixture,-,-,mixture
moan,1,verb,moan
mob,1,noun,mob
mobile,1,noun,mobile
mobile,2,adjective,mobile
mobile,-,noun,mobile
mobility,-,-,mobility
mobilize,-,-,mobilize
mock,1,verb,mock
mode,-,-,mode
model,1,noun,moddel
model,2,adjective,moddel
moderate,1,adjective,moderate
moderately,-,-,moderately
modern,-,-,moddern
modernize,-,-,modernize
modest,-,-,modest
modification,-,-,modification
modify,-,-,moddify
module,-,-,module
moist,-,-,moist
moisture,-,-,moisture
mole,-,-,mole
molecule,-,-,molecule
mom,-,-,mom
moment,-,-,moment
momentarily,-,-,momentarily
momentary,-,-,momentary
momentum,-,-,momentum
mommy,-,-,mommy
monarch,-,-,monarch
monarchy,-,-,monarchy
Monday,-,-,Munday
money,-,-,munny
monitor,1,verb,monnitor
monitor,2,noun,monnitor
monkey,1,noun,munky
monopoly,-,-,monopoly
monster,1,noun,monster
month,-,-,munth
monthly,1,adjective,monthly
monument,-,-,monument
mood,-,-,mood
moon,1,noun,moon
moral,1,adjective,morral
moral,2,noun,morral
morale,-,-,morale
morality,-,-,morality
morally,-,-,morally
more,1,adverb,more
more,2,determiner pronoun,more
moreover,-,-,morover
morning,1,noun,morning
morning,2,interjection,morning
mortality,-,-,mortality
mortgage,1,noun,morgage
mosaic,-,-,mosaic
mosque,-,-,mosk
mosquito,-,-,mosquito
moss,-,-,moss
most,1,adverb,most
most,2,determiner pronoun,most
mostly,-,-,mostly
motel,-,-,motel
moth,-,-,moth
mother,1,noun,muddher
mother-in-law,-,-,mother-in-law
motif,-,-,motif
motion,1,noun,motion
motivate,-,-,motivate
motivation,-,-,motivation
motive,1,noun,motive
motor,1,noun,motor
motorcycle,-,-,motorcycle
motorist,-,-,motorist
motorway,-,-,motorway
mould,1,noun,mould
mound,-,-,mound
mount,1,verb,mount
mount,2,noun,mount
mountain,-,-,mountain
mountainous,-,-,mountainous
mourn,-,-,mourn
mouse,1,noun,mouse
moustache,-,-,moustache
mouth,1,noun,mouth
move,1,verb,moove
move,2,noun,moove
movement,-,-,moovement
movie,-,-,moovie
movie,-,noun,moovie
movie,-,noun,moovie
moving,-,-,moving
MP,-,-,MP
Mr,-,-,Mr
Mrs,-,-,Mrs
Ms,-,-,Ms
much,1,adverb,much
much,2,determiner pronoun,much
mud,-,-,mud
muddy,1,adjective,muddy
mug,1,noun,mug
mug,2,verb,mug
multicultural,-,-,multicultural
multinational,1,adjective,multinational
multinational,2,noun,multinational
multiple,1,adjective,multiple
multiply,-,-,multiply
multitude,-,-,multitude
mum,1,noun,mum
mumble,-,-,mumble
mummy,-,-,mummy
mundane,-,-,mundane
municipal,-,-,municipal
murder,1,noun,murder
murder,2,verb,murder
murderer,-,-,murderer
murmur,1,verb,murmur
muscle,1,noun,mussel
muscular,-,-,muscular
museum,-,-,museüm
mushroom,1,noun,mushroom
music,-,-,music
musical,1,adjective,musical
musical,2,noun,musical
musician,-,-,musician
must,1,modal verb,must
mustard,-,-,mustard
muster,1,verb,muster
mutate,-,-,mutate
mutation,-,-,mutation
mutter,-,-,mutter
mutual,-,-,mutual
mutually,-,-,mutually
my,1,determiner,my
myself,-,-,myself
mysterious,-,-,mysterious
mystery,1,noun,mystery
mystical,-,-,mystical
myth,-,-,myth
mythology,-,-,mythology
nail,1,noun,nail
naive,-,-,naive
naked,-,-,nakèd
name,1,noun,name
name,2,verb,name
namely,-,-,namely
nap,1,noun,nap
narrate,-,-,narrate
narrative,-,-,narrative
narrator,-,-,narrator
narrow,1,adjective,narro
narrow,2,verb,narro
narrowly,-,-,narrowly
nasty,-,-,nasty
nation,-,-,nation
national,1,adjective,nassional
nationalism,-,-,nationalism
nationality,-,-,nationality
nationally,-,-,nationally
national,-,noun,nassional
nationwide,-,-,nation-wide
native,1,adjective,native
native,2,noun,native
native,-,noun,native
natural,1,adjective,natural
naturally,-,-,naturally
nature,-,-,nature
naughty,-,-,naughty
naval,-,-,naval
navigation,-,-,navigation
navy,-,-,navy
near,1,adverb preposition,near
near,2,adjective,near
near,3,verb,near
nearby,-,-,nearby
nearly,-,-,nearly
neat,-,-,neat
necessarily,-,-,necessarily
necessary,1,adjective,necessary
necessitate,-,-,necessitate
necessity,-,-,necessity
neck,1,noun,neck
necklace,-,-,necklace
necktie,-,-,necktie
need,1,verb,need
need,2,noun,need
needle,1,noun,needle
needless,-,-,needless
needy,-,-,needy
negative,1,adjective,negative
neglect,1,verb,neglect
neglect,2,noun,neglect
negotiate,-,-,negotiate
negotiation,-,-,negotiation
negotiator,-,-,negotiator
neighbour,-,-,neighbor
neighbourhood,-,-,neighborhwd
neighbouring,-,-,neighbouring
neither,1,determiner pronoun,neither
neither,2,adverb,neither
neither,3,conjunction,neither
nephew,-,-,nephew
nerve,1,noun,nerve
nervous,-,-,nervous
nest,1,noun,nest
net,1,noun,net
net,2,adjective,net
network,1,noun,network
neutral,1,adjective,neutral
never,-,-,never
nevertheless,-,-,never the less
new,-,-,new
newcomer,-,-,newcomer
newly,-,-,newly
news,-,-,news
newsletter,-,-,newsletter
newspaper,-,-,newspaper
New,-,noun,New
New,-,Day noun,New
New,-,Eve noun,New
next,1,determiner adjective,next
next,2,adverb,next
next,3,pronoun,next
next,-,1 adverb,next
next,-,kin noun,next
next,-,preposition,next
nice,-,-,nice
nicely,-,-,nicely
niche,1,noun,neesh
nickname,-,-,nickname
niece,-,-,niece
night,-,-,night
nightclub,-,-,nightclub
nightmare,-,-,nightmare
nine,-,-,nine
nineteen,-,-,nineteen
ninety,-,-,ninety
ninth,1,adjective,ninth
nitrogen,-,-,nitrogen
no,1,adverb,no
no,2,determiner,no
noble,1,adjective,noble
nobody,1,pronoun,nobody
nod,1,verb,nod
nod,2,noun,nod
noise,1,noun,noise
noisy,-,-,noisy
nominal,-,-,nominal
nominate,-,-,nominate
nomination,-,-,nomination
none,1,pronoun,none
nonetheless,-,-,none the less
non-fiction,-,-,non-fiction
nonsense,-,-,nonsense
nonstop,-,-,nonstop
noon,-,-,noon
no,-,pronoun,no
nor,-,adverb,nor
norm,-,-,norm
normal,1,adjective,normal
normality,-,-,normality
normally,-,-,normally
north,1,noun,north
north,2,adjective,north
north,3,adverb,north
northeast,1,noun,northeast
northeast,2,adjective,northeast
northern,-,-,northern
northwest,1,noun,northwest
northwest,2,adjective,northwest
nose,1,noun,nose
nostalgia,-,-,nostalgia
nostalgic,-,-,nostalgic
nosy,1,adjective,nosy
not,-,-,not
notable,-,-,notable
notably,-,-,notably
note,1,noun,note
note,2,verb,note
notebook,-,-,note bwk
nothing,1,pronoun,notthing
notice,1,verb,notice
notice,2,noun,notice
noticeable,-,-,noticeable
noticeboard,-,-,noticeboard
notify,-,-,notify
notion,-,-,notion
notorious,-,-,notorious
notwithstanding,-,adverb,notwithstanding
noun,-,-,noun
novel,1,noun,novvel
novel,2,adjective,novvel
novelist,-,-,novvelist
novelty,-,-,novelty
November,-,-,November
now,1,adverb,now
now,2,conjunction,now
nowadays,-,-,now-adays
nowhere,-,-,nowhere
nuclear,-,-,nucleär
nude,1,adjective,nude
nuisance,-,-,nuisance
numb,1,adjective,numb
number,1,noun,number
number,2,verb,number
numerical,-,-,numerical
numerous,-,-,numerous
nurse,1,noun,nurse
nurse,2,verb,nurse
nursery,-,-,nursery
nursery,-,noun,nursery
nursing,-,-,nursing
nut,1,noun,nut
nutrient,-,-,nutrient
nutrition,-,-,nutrition
nutritional,-,-,nutritional
nylon,-,-,nylon
oak,-,-,oak
oath,-,-,oath
obedience,-,-,obedience
obedient,-,-,obedient
obese,-,-,obese
obesity,-,-,obesity
obey,-,-,obey
object,1,noun,object
object,2,verb,object
objection,-,-,objection
objective,1,noun,objective
objective,2,adjective,objective
obligation,-,-,obligation
obligatory,-,-,obligatory
oblige,-,-,oblige
obscene,-,-,obscene
obscure,1,adjective,obscure
obscure,2,verb,obscure
observation,-,-,observation
observe,-,-,observe
observer,-,-,observer
obsess,-,-,obsess
obsession,-,-,obsession
obsolete,-,-,obsolete
obstacle,-,-,obstacle
obstruction,-,-,obstruction
obtain,-,-,obtain
obvious,-,-,obvious
obviously,-,-,obviously
occasion,1,noun,occasion
occasional,-,-,occasional
occasionally,-,-,occasionally
occupant,-,-,occupant
occupation,-,-,occupation
occupational,-,-,occupational
occupy,-,-,occupy
occur,-,-,occur
occurrence,-,-,occurrence
ocean,-,-,ocian
o'clock,-,-,o'clock
October,-,-,October
odd,-,-,odd
oddly,-,-,oddly
odds,-,-,odds
odour,-,-,odour
of,-,-,of
of,-,adverb,of
off,1,adverb preposition adjective,off
offence,-,-,offense
offend,-,-,offend
offender,-,-,offender
offensive,1,adjective,offensive
offer,1,verb,offer
offer,2,noun,offer
office,-,-,office
officer,-,-,officer
official,1,noun,official
official,2,adjective,official
officially,-,-,officially
offset,1,verb,offset
offspring,-,-,offspring
often,-,-,often
oil,1,noun,oil
OK,1,interjection,OK
OK,2,adjective adverb,OK
old,-,-,old
old,-,noun,old
old-fashioned,-,-,old-fashioned
olive,-,-,olive
olive,-,noun,olive
omission,-,-,omission
omit,-,-,omit
on,1,preposition,on
on,2,adjective adverb,on
once,1,adverb,once
once,2,conjunction,once
one,1,number,one
one,2,pronoun,one
one,3,determiner,one
one,4,adjective,one
one,-,pronoun,one
oneself,-,-,oneself
ongoing,-,-,on-goïng
onion,-,-,unnion
online,-,-,on-line
only,1,adverb,onely
only,2,adjective,onely
only,3,conjunction,onely
onset,-,-,onset
onto,-,-,onto
onwards,-,-,onwards
opaque,-,-,opaque
open,1,adjective,open
open,2,verb,open
opening,1,noun,opening
opening,2,adjective,opening
openly,-,-,openly
opera,-,-,opera
operate,-,-,operate
operation,-,-,operation
operational,-,-,operational
operator,-,-,operator
opinion,-,-,opinion
opponent,-,-,opponent
opportunity,-,-,opportunity
oppose,-,-,oppose
opposed,-,-,opposed
opposite,1,preposition,opposite
opposite,2,adjective,opposite
opposite,3,noun,opposite
opposition,-,-,opposition
oppression,-,-,oppression
oppressive,-,-,oppressive
opt,-,-,opt
optical,-,-,optical
optimal,-,-,optimal
optimism,-,-,optimism
optimistic,-,-,optimistic
optimum,-,-,optimum
option,-,-,option
optional,-,-,optional
or,-,-,or
oral,1,adjective,oral
orange,1,noun,orrange
orange,2,adjective,orrange
orbit,1,verb,orbit
orbit,2,noun,orbit
orchard,-,-,orchard
orchestra,-,-,orkhestra
ordeal,-,-,ordeal
order,1,noun,order
order,2,verb,order
orderly,1,adjective,orderly
ordinary,-,-,ordinary
organ,-,-,organ
organic,-,-,organic
organism,-,-,organism
organization,-,-,organization
organize,-,-,organize
organized,-,-,organized
orient,1,verb,orient
orientation,-,-,orientation
origin,-,-,origin
original,1,adjective,original
original,2,noun,original
originally,-,-,originally
originate,-,-,originate
ornament,1,noun,ornament
orphan,1,noun,orphan
orthodox,-,-,orthodox
other,-,adjective pronoun,other
otherwise,-,-,otherwise
ought,-,modal verb,ought
ounce,-,-,ounce
our,-,-,our
ours,-,-,ours
ourselves,-,-,ourselves
out,1,adverb,out
out,2,preposition,out
outbreak,-,-,outbreak
outburst,-,-,outburst
outcome,-,-,outcome
outdoor,-,-,outdoor
outdoors,1,adverb,outdoors
outer,-,-,outer
outfit,1,noun,outfit
outgoing,-,-,outgoing
outing,-,-,outing
outlet,-,-,outlet
outline,1,noun,outline
outline,2,verb,outline
outlook,-,-,outlwk
out-of-date,-,-,out-of-date
output,1,noun,outpwt
outrage,1,noun,ultrage
outrage,2,verb,ultrage
outrageous,-,-,outrageous
outright,1,adjective,outright
outset,-,-,outset
outside,1,adverb preposition,outside
outside,2,adjective,outside
outside,3,noun,outside
outsider,-,-,outsider
outskirts,-,-,outskirts
outstanding,-,-,outstanding
outward,-,-,outward
outwards,-,-,outwards
outweigh,-,-,outweigh
oval,-,-,oval
oven,-,-,uvven
over,1,preposition,over
over,2,adverb adjective,over
overall,1,adjective,overall
overall,2,adverb,overall
overcast,-,-,overcast
overcome,-,-,overcum
overcrowded,-,-,overcrowded
overdue,-,-,overdue
overestimate,1,verb,overestimate
overhead,1,adverb,overhead
overhear,-,-,overhear
overlap,1,verb,overlap
overlap,2,noun,overlap
overlook,-,-,overlwk
overly,-,-,overly
overnight,1,adverb,overnight
overnight,2,adjective,overnight
override,-,-,override
overseas,1,adverb,overseas
overseas,2,adjective,overseas
oversight,-,-,oversight
overt,-,-,overt
overtake,-,-,overtake
overthrow,1,verb,overthrow
overtime,-,-,overtime
overturn,-,-,overturn
overview,-,-,overview
overweight,-,-,overweight
overwhelm,-,-,overwhelm
overwhelming,-,-,overwhelming
overwhelmingly,-,-,overwhelmingly
owe,-,-,oe
owing,-,preposition,owing
owl,-,-,owl
own,1,adjective pronoun,oan
own,2,verb,oan
owner,-,-,oaner
ownership,-,-,oanership
oxygen,-,-,oxygen
pace,1,noun,pace
pack,1,verb,pack
pack,2,noun,pack
package,1,noun,packing
packaging,-,-,packaging
packed,-,-,packed
packet,-,-,packet
pact,-,-,pact
pad,1,noun,pad
paddle,1,noun,paddle
page,1,noun,page
pain,1,noun,pain
painful,-,-,painful
painfully,-,-,painfully
painkiller,-,-,painkiller
painless,-,-,painless
painstaking,-,-,painstaking
paint,1,noun,paint
paint,2,verb,paint
paintbrush,-,-,paintbrush
painter,-,-,painter
painting,-,-,painting
pair,1,noun,pair
palace,-,-,palace
pale,1,adjective,pale
palm,1,noun,palm
pamphlet,-,-,pamphlet
pan,1,noun,pan
pancake,-,-,pancake
panel,-,-,pannel
panic,1,noun,panic
panic,2,verb,panic
pant,-,-,pant
pants,1,noun,pants
paper,1,noun,paper
paper,2,adjective,paper
paperback,-,-,paperback
paperwork,-,-,paperwork
parachute,1,noun,parachute
parade,1,noun,parade
paradigm,-,-,paradigm
paradise,-,-,paradise
paradox,-,-,paradox
paradoxically,-,-,paradoxically
paragraph,-,-,paragraph
parallel,1,adjective,parallel
parallel,2,noun,parallel
parameter,-,-,parameter
paramount,-,-,paramount
paraphrase,1,verb,paraphrase
paraphrase,2,noun,paraphrase
parcel,1,noun,parcel
pardon,1,interjection,pardon
pardon,2,verb,pardon
pardon,3,noun,pardon
parent,1,noun,parent
parental,-,-,parental
parenthesis,-,-,parenthesis
park,1,noun,park
park,2,verb,park
parking,-,-,parking
parking,-,noun,parking
parliament,-,-,parlament
parliamentary,-,-,parliamentary
parody,1,noun,parody
parrot,1,noun,parrot
part,1,noun,part
part,2,verb,part
partial,-,-,partial
partially,-,-,partially
participant,-,-,participant
participate,-,-,participate
participation,-,-,participation
participle,-,-,participle
particle,-,-,particle
particular,1,adjective,particular
particular,2,noun,particular
particularly,-,-,particularly
partly,-,-,partly
partner,1,noun,partner
partnership,-,-,partnership
part,-,speech noun,part
part-time,-,-,part-time
party,1,noun,party
pass,1,verb,pass
pass,2,noun,pass
passage,-,-,passage
passenger,-,-,passer
passing,1,noun,passing
passing,2,adjective,passing
passion,-,-,passion
passionate,-,-,passionate
passive,1,adjective,passive
passive,2,noun,passive
passport,-,-,passport
password,-,-,pass word
past,1,adjective,past
past,2,preposition adverb,past
past,3,noun,past
pasta,-,-,pasta
paste,1,verb,paste
paste,2,noun,paste
pastime,-,-,pastime
past,-,noun,past
pastry,-,-,pastry
pat,1,verb,pat
patch,1,noun,patch
path,-,-,path
pathetic,-,-,pathetic
patience,-,-,patience
patient,1,noun,patient
patient,2,adjective,patient
patriotic,-,-,patriotic
patrol,1,verb,patrol
patrol,2,noun,patrol
patron,-,-,patron
patronizing,-,-,patronizing
pattern,1,noun,pattern
pause,1,verb,pause
pause,2,noun,pause
pavement,-,-,pavement
paw,1,noun,paw
pay,1,verb,pay
pay,2,noun,pay
payment,-,-,payment
PC,1,noun,PC
PC,2,adjective,PC
PE,-,-,PE
pea,-,-,pea
peace,-,-,peace
peaceful,-,-,peaceful
peach,1,noun,peach
peak,1,noun,peak
peak,2,verb,peak
peak,3,adjective,peak
peanut,-,-,peanut
pear,-,-,pear
pearl,-,-,pearl
pebble,-,-,pebble
peculiar,-,-,peculiar
pedal,1,noun,pedal
pedestrian,1,noun,pedestrian
pedestrian,-,noun,pedestrian
peel,1,verb,peel
peel,2,noun,peel
peer,1,noun,peer
peer,2,verb,peer
peg,1,noun,peg
pen,1,noun,pen
penalty,-,-,penality
pencil,1,noun,pencil
pending,1,preposition,pending
penetrate,-,-,penetrate
penguin,-,-,penguin
peninsula,-,-,peninsula
penny,-,-,penny
pension,1,noun,pension
pensioner,-,-,pensioner
people,1,noun,people
pepper,1,noun,pepper
per,-,-,per
per,-,adverb,per
perceive,-,-,perceve
percent,1,adjective adverb,percent
percent,2,noun,percent
percentage,-,-,percentage
perception,-,-,perception
perch,1,verb,perch
perfect,1,adjective,perfect
perfect,2,verb,perfect
perfection,-,-,perfection
perfectly,-,-,perfectly
perform,-,-,perform
performance,-,-,performance
performer,-,-,performer
perfume,1,noun,perfume
perhaps,-,-,perhaps
peril,-,-,peril
period,1,noun,period
periodic,-,-,periodic
peripheral,1,adjective,peripheral
permanent,1,adjective,permanent
permanently,-,-,permanently
permission,-,-,permission
permit,1,verb,permit
permit,2,noun,permit
perpetual,-,-,perpetual
perpetuate,-,-,perpetuate
persecution,-,-,persecution
persist,-,-,persist
persistence,-,-,persistence
persistent,-,-,persistent
person,-,-,person
personal,-,-,personal
personality,-,-,personality
personally,-,-,personally
personnel,-,-,staff
perspective,-,-,perspective
persuade,-,-,persuade
persuasion,-,-,persuasion
persuasive,-,-,persuasive
pessimistic,-,-,pessimistic
pest,-,-,pest
pesticide,-,-,pesticide
pet,1,noun,pet
petal,-,-,petal
petition,1,noun,petition
petrol,-,-,pettrol
petty,-,-,petty
pharmaceutical,-,-,pharmaceutical
pharmacy,-,-,pharmacy
phase,1,noun,phase
phenomenal,-,-,phenomenal
phenomenon,-,-,phenomenon
philosopher,-,-,philosopher
philosophical,-,-,philosophical
philosophy,-,-,philosophy
phone,1,noun,phone
phone,2,verb,phone
photo,-,-,photo
photocopy,1,noun,photocopy
photocopy,2,verb,photocopy
photograph,1,noun,photograph
photograph,2,verb,photograph
photographer,-,-,photographer
photographic,-,-,photographic
photography,-,-,photography
phrasal,-,noun,phrasal
phrase,1,noun,phrase
physical,1,adjective,physical
physically,-,-,physically
physician,-,-,physician
physicist,-,-,physicist
physics,-,-,physics
pianist,-,-,pianist
piano,1,noun,piano
pick,1,verb,pick
pick,2,noun,pick
picnic,1,noun,picnic
picture,1,noun,picture
picture,2,verb,picture
picturesque,-,-,picturesque
pie,-,-,pie
piece,1,noun,piece
piece,2,verb,piece
pier,-,-,pier
pierce,-,-,pierce
pig,1,noun,pig
pigeon,-,-,pigeon
pile,1,noun,pile
pile,2,verb,pile
pilgrimage,-,-,pilgrimage
pill,1,noun,pill
pillar,-,-,pillar
pillow,1,noun,pillow
pilot,1,noun,pilot
pin,1,noun,pin
pin,2,verb,pin
pinch,1,verb,pinch
pine,1,noun,pine
pineapple,-,-,pineapple
pink,1,adjective,pink
pink,2,noun,pink
pint,-,-,pint
pioneer,1,noun,piöneer
pioneer,2,verb,piöneer
pipe,1,noun,pipe
pipeline,-,-,pipe-line
pirate,1,noun,pirate
pistol,-,-,pistol
pit,1,noun,pit
pitch,1,noun,pitch
pitch,2,verb,pitch
pity,1,noun,pitty
pity,2,verb,pitty
pizza,-,-,pizza
place,1,noun,place
place,2,verb,place
placement,-,-,placement
plagiarism,-,-,plagiarism
plagiarize,-,-,plagiarize
plague,1,noun,plague
plain,1,adjective,plain
plain,2,noun,plain
plainly,-,-,plainly
plan,1,noun,plan
plan,2,verb,plan
plane,1,noun,plane
planet,-,-,plannet
planner,-,-,planner
plant,1,noun,plant
plant,2,verb,plant
plantation,-,-,plantation
plaque,-,-,plaque
plaster,1,noun,plaster
plastic,1,adjective,plastic
plastic,2,noun,plastic
plate,1,noun,plate
plateau,1,noun,plateau
platform,-,-,platform
plausible,-,-,plausible
play,1,verb,play
play,2,noun,play
player,-,-,player
playground,-,-,playground
playwright,-,-,playwright
plea,-,-,plea
plead,-,-,plead
pleasant,-,-,placent
please,1,interjection,please
please,2,verb,please
pleased,-,-,pleased
pleasure,-,-,placiture
pledge,1,noun,pledge
pledge,2,verb,pledge
plenty,1,pronoun,plenty
plight,1,noun,plight
plot,1,noun,plot
plot,2,verb,plot
pluck,1,verb,pluck
plug,1,noun,plug
plug,2,verb,plug
plum,1,noun,plum
plumber,-,-,plumber
plump,1,adjective,plump
plunge,1,verb,plunge
plural,1,noun,plural
plural,2,adjective,plural
plus,1,preposition,plus
plus,2,noun,plus
plus,3,adjective,plus
plus,4,conjunction,plus
p.m.,-,-,p.m.
pocket,1,noun,pocket
podcast,1,noun,podcast
poem,-,-,poëm
poet,-,-,poët
poetic,-,-,poetic
poetry,-,-,poëtry
point,1,noun,point
point,2,verb,point
pointed,-,-,pointed
pointer,-,-,pointer
pointless,-,-,pointless
point,-,view noun,point
poised,-,-,poised
poison,1,noun,poison
poison,2,verb,poison
poisonous,-,-,attery
poke,1,verb,poke
pole,1,noun,pole
police,1,noun,pollice
police,2,verb,pollice
policeman,-,-,policeman
police,-,noun,pollice
police,-,noun,pollice
policy,-,-,pollicy
polish,1,verb,polish
polish,2,noun,polish
polite,-,-,polite
political,-,-,political
politically,-,-,politically
politician,-,-,politician
politics,-,-,politics
poll,1,noun,poll
pollute,-,-,pollute
pollution,-,-,pollution
pond,-,-,pond
ponder,-,-,ponder
pony,1,noun,pony
pool,1,noun,pool
poor,-,-,poor
poorly,1,adverb,poorly
poorly,2,adjective,poorly
pop,1,verb,pop
pop,2,noun,pop
popcorn,-,-,popcorn
popular,1,adjective,popular
popularity,-,-,popularity
population,-,-,population
porch,-,-,porch
pork,-,-,pork
port,1,noun,port
portable,1,adjective,portable
portfolio,-,-,carry-sheet
portion,1,noun,portion
portrait,1,noun,portrait
portray,-,-,portray
portrayal,-,-,portrayal
pose,1,verb,pose
posh,1,adjective,posh
position,1,noun,position
position,2,verb,position
positive,1,adjective,positive
positively,-,-,positively
possess,-,-,posess
possession,-,-,posession
possibility,-,-,possibility
possible,1,adjective,possible
possibly,-,-,possibly
post,1,noun,poast
post,2,verb,poast
postcard,-,-,postcard
postcode,-,-,postcode
poster,-,-,poaster
post,-,noun,poast
postpone,-,-,poastpone
posture,-,-,posture
pot,1,noun,pot
potato,-,-,potato
potent,-,-,potent
potential,1,adjective,potential
potential,2,noun,potential
potentially,-,-,potentially
pottery,-,-,pottery
poultry,-,-,poultry
pounce,-,-,pounce
pound,1,noun,pound
pound,2,verb,pound
pour,-,-,pour
poverty,-,-,poverty
powder,1,noun,powder
power,1,noun,power
power,2,verb,power
powerful,-,-,powerful
powerless,-,-,powerless
practical,1,adjective,practical
practically,-,-,practically
practice,-,-,practice
practise,-,-,practice
pragmatic,-,-,pragmatic
praise,1,verb,praise
praise,2,noun,praise
prawn,-,-,prawn
pray,1,verb,pray
prayer,-,-,prayer
preach,-,-,preach
preacher,-,-,preacher
precaution,-,-,precaution
precede,-,-,precede
precedent,-,-,precedent
precious,1,adjective,prescious
precise,-,-,precise
precisely,-,-,precisely
precision,1,noun,precision
preclude,-,-,preclude
predator,-,-,predator
predecessor,-,-,predecessor
predetermined,-,-,predetermined
predict,-,-,predict
predictable,-,-,predictible
prediction,-,-,prediction
predominantly,-,-,predominantly
preface,1,noun,preface
prefer,-,-,prefer
preferable,-,-,preferable
preferably,-,-,preferably
preference,-,-,preference
pregnancy,-,-,pregnancy
pregnant,-,-,pregnant
prejudice,1,noun,prejudice
prejudiced,-,-,prejudiced
preliminary,1,adjective,preliminary
premature,-,-,premature
premier,1,adjective,first
premise,-,-,premiss
premium,1,noun,premium
preoccupation,-,-,preoccupation
preparation,-,-,preparation
prepare,-,-,prepare
prepared,-,-,prepared
preposition,-,-,preposition
prescribe,-,-,prescribe
prescription,-,-,prescription
presence,-,-,prezzence
present,1,adjective,n,adj
present,2,verb,n,adj
present,3,noun,n,adj
presentation,-,-,presentation
presenter,-,-,presenter
presently,-,-,presently
present,-,noun,n,adj
present,-,noun,n,adj
present,-,noun,n,adj
preservation,-,-,preservation
preserve,1,verb,preserve
presidency,-,-,presidency
President,-,-,President
presidential,-,-,presidential
press,1,noun,press
press,2,verb,press
pressing,1,adjective,pressing
pressure,1,noun,pressure
prestige,1,noun,prestige
prestigious,-,-,prestigious
presumably,-,-,presumably
presume,-,-,presume
presumption,-,-,presumption
pretend,1,verb,pretend
pretentious,-,-,pretentious
pretty,1,adverb,pretty
pretty,2,adjective,pretty
prevail,-,-,prevail
prevailing,-,-,prevailing
prevalence,-,-,prevalence
prevalent,-,-,prevalent
prevent,-,-,prevent
prevention,-,-,prevention
previous,-,-,previous
previously,-,-,previously
price,1,noun,price
price,2,verb,price
priceless,-,-,priceless
pride,1,noun,pride
priest,-,-,priest
primarily,-,-,primarily
primary,1,adjective,primary
primary,-,noun,primary
prime,1,adjective,prime
prime,2,noun,prime
Prime,-,noun,Prime
primitive,1,adjective,primitive
prince,-,-,prince
princess,-,-,princess
principal,1,adjective,principal
principal,2,noun,principal
principally,-,-,principally
principle,-,-,principle
print,1,verb,print
print,2,noun,print
printer,-,-,printer
prior,1,adjective,priör
prioritize,-,-,prioritize
priority,1,noun,priörity
prison,-,-,prison
prisoner,-,-,prisoner
privacy,-,-,privacy
private,1,adjective,private
privately,-,-,privately
privilege,1,noun,privilege
privileged,-,-,privileged
prize,1,noun,prize
prize,2,verb,prize
pro,1,noun,pro
probability,-,-,probability
probable,1,adjective,probable
probably,-,-,probably
probe,1,verb,probe
problem,-,-,problem
problematic,-,-,problematic
procedure,-,-,procedure
proceed,-,-,procede
proceeding,-,-,proceeding
proceeds,-,-,proceeds
process,1,noun,process
process,2,verb,process
procession,-,-,procession
processor,-,-,processor
proclaim,-,-,proclaim
produce,1,verb,produce
produce,2,noun,produce
producer,-,-,producer
product,-,-,product
production,-,-,production
productive,-,-,productive
productivity,-,-,productivity
profession,-,-,profession
professional,1,adjective,professional
professional,2,noun,professional
professor,-,-,professor
profile,1,noun,profile
profit,1,noun,profect
profit,2,verb,profect
profitable,-,-,profitable
profound,-,-,profound
profoundly,-,-,profoundly
program,1,noun,program
programme,1,noun,program
programmer,-,-,programmer
programming,-,-,programming
progress,1,noun,progress
progress,2,verb,progress
progression,-,-,progression
progressive,1,adjective,progressive
progressively,-,-,progressively
prohibit,-,-,prohibit
prohibition,-,-,prohibition
project,1,noun,project
projection,-,-,projection
prolong,-,-,prolong
prolonged,-,-,prolonged
prominence,-,-,prominence
prominent,-,-,prominent
promise,1,verb,promise
promise,2,noun,promise
promising,-,-,promising
promote,-,-,promote
promotion,-,-,promotion
prompt,1,verb,prompt
prompt,2,adjective,prompt
prompt,3,noun,prompt
promptly,-,-,promptly
prone,-,-,prone
pronoun,-,-,pronoun
pronounce,-,-,pronounce
pronunciation,-,-,pronunciation
proof,1,noun,proof
propaganda,-,-,propaganda
proper,1,adjective,propper
properly,-,-,properly
property,-,-,property
prophet,-,-,prophet
proponent,-,-,proponent
proportion,1,noun,proportion
proposal,-,-,proposal
propose,-,-,propose
proposed,-,-,proposed
proposition,1,noun,proposition
prose,-,-,prose
prosecute,-,-,prosecute
prosecution,-,-,prosecution
prosecutor,-,-,prosecutor
prospect,1,noun,prospect
prospective,-,-,prospective
prospectus,-,-,prospectus
prosper,-,-,prosper
prosperity,-,-,prosperity
prosperous,-,-,prosperous
protect,-,-,protect
protection,-,-,protection
protective,-,-,protective
protein,-,-,proteïn
protest,1,noun,protest
protest,2,verb,protest
protester,-,-,protester
protocol,-,-,protocol
prototype,-,-,prototype
proud,-,-,proud
prove,-,-,proove
proven,1,adjective,proven
proverb,-,-,proverb
provide,-,-,provide
provided,-,-,provided
provider,-,-,provider
providing,-,-,providing
province,-,-,province
provincial,1,adjective,provincial
provision,1,noun,provision
provisional,-,-,provisional
provocative,-,-,provocative
provoke,-,-,provoke
proximity,-,-,proximity
prudent,-,-,prudent
PS,-,-,PS
psychiatric,-,-,psykhiatric
psychiatrist,-,-,psychiatrist
psychological,-,-,psykhological
psychologist,-,-,psychologist
psychology,-,-,psychology
pub,-,-,pub
public,1,adjective,pubblic
public,2,noun,pubblic
publication,-,-,publication
public,-,noun,pubblic
publicity,-,-,publicity
publicly,-,-,publicly
public,-,noun,pubblic
publish,-,-,pubblish
publisher,-,-,publisher
publishing,-,-,publishing
pudding,-,-,pudding
puddle,-,-,puddle
puff,1,verb,puff
pull,1,verb,pull
pull,2,noun,pull
pulse,1,noun,pulse
pump,1,noun,pump
pump,2,verb,pump
pumpkin,-,-,pumpkin
pun,1,noun,pun
punch,1,verb,punch
punch,2,noun,punch
punctuation,-,-,punctuation
punctuation,-,noun,punctuation
punish,-,-,punnish
punishment,-,-,punition
punitive,-,-,punitive
pupil,-,-,pupil
puppet,-,-,puppet
puppy,-,-,puppy
purchase,1,verb,purchase
purchase,2,noun,purchase
pure,-,-,pure
purely,-,-,purely
purity,-,-,purity
purple,1,noun,purple
purple,2,adjective,purple
purpose,-,-,purpose
purse,1,noun,purse
pursue,-,-,pursue
pursuit,-,-,pursuit
push,1,verb,pwsh
push,2,noun,pwsh
put,-,-,pwt
puzzle,1,noun,puzzle
puzzle,2,verb,puzzle
puzzled,-,-,puzzled
puzzling,-,-,puzzling
pyjamas,-,-,pyjamas
pyramid,-,-,pyramid
quaint,-,-,quaint
qualification,-,-,qualification
qualified,-,-,qualified
qualify,-,-,qualify
qualitative,-,-,qualitative
quality,1,noun,quality
quantify,-,-,quantify
quantitative,-,-,quantitative
quantity,-,-,quantity
quarrel,1,noun,quarrel
quarrel,2,verb,quarrel
quarter,1,noun,quarter
quarterly,1,adjective adverb,quarterly
queen,1,noun,queen
query,1,noun,query
query,2,verb,query
quest,-,-,quest
question,1,noun,question
question,2,verb,question
questionable,-,-,questionable
question,-,noun,question
questionnaire,-,-,questionary
queue,1,noun,queue
queue,2,verb,queue
quick,1,adjective,quick
quick,2,interjection,quick
quick,3,adverb,quick
quickly,-,-,quickly
quiet,1,adjective,quiët
quietly,-,-,quietly
quilt,-,-,quilt
quit,-,-,quit
quite,-,adverb,quite
quiz,1,noun,quiz
quota,-,-,quota
quotation,-,-,quotation
quotation,-,noun,quotation
quote,1,verb,quote
quote,2,noun,quote
rabbit,1,noun,rabbit
race,1,noun,race
race,2,verb,race
racial,-,-,racial
racing,1,noun,racing
racism,-,-,racism
racist,-,-,racist
rack,1,noun,rack
racket,-,-,racket
radar,-,-,radar
radiation,-,-,radiation
radiator,-,-,radiator
radical,1,adjective,radical
radical,2,noun,radical
radically,-,-,radically
radio,1,noun,radio
radioactive,-,-,radioactive
radius,-,-,radius
raft,-,-,raft
rag,1,noun,rag
rage,1,noun,rage
raid,1,noun,raid
raid,2,verb,raid
rail,1,noun,rail
railroad,1,noun,railroad
railway,-,-,railway
railway,-,noun,railway
rain,1,noun,rain
rain,2,verb,rain
rainbow,-,-,rainbow
raincoat,-,-,raincoat
rain,-,noun,rain
rainy,-,-,rainy
raise,1,verb,raise
raise,2,noun,raise
rally,1,noun,rally
ramp,1,noun,ramp
ranch,-,-,ranch
random,-,-,random
range,1,noun,range
range,2,verb,range
rank,1,noun,rank
rank,2,verb,rank
rape,1,verb,rape
rape,2,noun,rape
rapid,-,-,rapid
rapidly,-,-,rapidly
rare,-,-,rare
rarely,-,-,rarely
raspberry,-,-,raspberry
rat,1,noun,rat
rate,1,noun,rate
rate,2,verb,rate
rather,-,adverb,raddher
rating,-,-,rating
ratio,-,-,ratio
ration,1,noun,ration
rational,-,-,rassional
rationale,-,-,rationale
rattle,1,verb,rattle
raw,1,adjective,raw
ray,-,-,ray
razor,-,-,razor
reach,1,verb,reach
reach,2,noun,reach
react,-,-,react
reaction,-,-,reaction
reactor,-,-,reactor
read,1,verb,read
reader,-,-,reader
readily,-,-,readily
reading,-,-,reading
ready,1,adjective,reddy
real,1,adjective,reäl
real,2,adverb,reäl
real,-,noun,reäl
realism,-,-,realism
realist,-,-,realist
realistic,-,-,realistic
reality,-,-,reality
realization,-,-,reälization
realize,-,-,reälize
really,-,-,really
realm,-,-,relm
reap,-,-,reap
reappear,-,-,reappear
rear,1,adjective,rear
rear,2,noun,rear
rear,3,verb,rear
reason,1,noun,reason
reason,2,verb,reason
reasonable,-,-,rassional
reasonably,-,-,rassionally
reasoning,-,-,reasoning
reassurance,-,-,reassurance
reassure,-,-,reässure
reassuring,-,-,reassuring
rebel,1,noun,rebel
rebel,2,verb,rebel
rebellion,-,-,rebellion
rebellious,-,-,rebellious
rebuild,-,-,[-bild agen,reconstruct]
rebuke,-,-,rebuke
recall,1,verb,recall
recede,-,-,recede
receipt,-,-,recepture
receive,-,-,receeve
receiver,-,-,receptor
recent,-,-,recent
recently,-,-,recently
reception,-,-,reception
receptionist,-,-,receptionist
recession,-,-,recession
recipe,-,-,recipë
recipient,-,-,recipient
reciprocal,-,-,reciprocal
recite,-,-,recite
reckless,-,-,reckless
reckon,-,-,reckon
reclaim,-,-,reclaim
recognition,-,-,recognition
recognize,-,-,recognize
recollection,-,-,recollection
recommend,-,-,recommend
recommendation,-,-,recommendation
reconcile,-,-,reconcile
reconciliation,-,-,reconciliation
reconsider,-,-,reconsider
reconstruct,-,-,reconstruct
reconstruction,-,-,reconstruction
record,1,noun,reccord
record,2,verb,record
recorder,-,-,recorder
recording,-,-,recording
recount,1,verb,recount
recover,-,-,recuvver
recovery,-,-,recuvvery
recreate,-,-,recreate
recreation,-,-,recreation
recruit,1,verb,recruit
recruit,2,noun,recruit
recruitment,-,-,recruitment
rectangle,-,-,rectangle
rectangular,-,-,rectangular
rectify,-,-,rectify
recur,-,-,recur
recurrence,-,-,recurrence
recycle,-,-,recycle
recycling,-,-,recycling
red,1,adjective,red
red,2,noun,red
redeem,-,-,redeem
reduce,-,-,reduce
reduction,-,-,reduction
redundant,-,-,redundant
refer,-,-,refer
referee,1,noun,referee
reference,1,noun,reference
referendum,-,-,referendum
refine,-,-,refine
reflect,-,-,reflect
reflection,-,-,reflection
reform,1,noun,reform
reform,2,verb,reform
refrain,1,verb,refrain
refresh,-,-,refresh
refreshment,-,-,refreshment
refrigerator,-,-,refrigerator
refuge,-,-,refuge
refugee,-,-,refugee
refund,1,noun,refund
refund,2,verb,refund
refusal,-,-,refusal
refuse,1,verb,refuse
regain,-,-,gain agen
regard,1,noun,regard
regard,2,verb,regard
regarding,-,-,regarding
regardless,-,-,regardless
regime,-,-,regeem
regiment,1,noun,regiment
region,-,-,region
regional,-,-,regional
register,1,noun,register
register,2,verb,register
registration,-,-,registration
regret,1,verb,regret
regret,2,noun,regret
regular,1,adjective,regular
regularly,-,-,regularly
regulate,-,-,regulate
regulation,1,noun,regulation
rehearsal,-,-,rehearsal
rehearse,-,-,rehearse
reign,1,noun,reign
reign,2,verb,reign
reinforce,-,-,reïnforce
reiterate,-,-,reiterate
reject,1,verb,reject
rejection,-,-,rejection
relate,-,-,relate
related,-,-,related
relation,-,-,relation
relationship,-,-,relationship
relative,1,noun,relative
relative,2,adjective,relative
relative,-,noun,relative
relatively,-,-,relatively
relax,-,-,relax
relaxation,-,-,relaxation
relaxed,-,-,relaxed
relaxing,-,-,relaxing
relay,1,noun,relay
release,1,verb,release
release,2,noun,release
relentless,-,-,relentless
relevance,-,-,relevance
relevant,-,-,relevant
reliable,-,-,reliable
reliant,-,-,reliant
relic,-,-,relic
relief,-,-,releef
relieve,-,-,releve
relieved,-,-,releved
religion,-,-,religion
religious,-,-,religious
relish,1,verb,relish
relocate,-,-,relocate
reluctance,-,-,reluctance
reluctant,-,-,reluctant
rely,-,-,rely
remain,-,-,remain
remainder,-,-,remainder
remaining,-,-,remaining
remains,-,-,remains
remark,1,noun,remark
remark,2,verb,remark
remarkable,-,-,remarcable
remarkably,-,-,remarcably
remedy,1,noun,remedy
remedy,2,verb,remedy
remember,-,-,remember
remind,-,-,remind
reminder,-,-,rememorator
reminiscent,-,-,reminiscent
remnant,-,-,remnant
remote,1,adjective,remote
remote,-,noun,remote
removal,-,-,remooval
remove,1,verb,remove
render,-,-,render
renew,-,-,anew
renewable,-,-,renewable
renewal,-,-,renewal
renewed,-,-,renewed
renowned,-,-,known
rent,1,verb,rent
rent,2,noun,rent
rental,-,-,rental
reopen,-,-,reopen
repair,1,verb,repair
repair,2,noun,repair
repay,-,-,repay
repayment,-,-,repayment
repeat,1,verb,repeat
repeat,2,noun,repeat
repeated,-,-,repeated
repeatedly,-,-,repeatedly
repertoire,-,-,repertoire
repetition,-,-,repetition
replace,-,-,replace
replacement,-,-,replacement
replay,1,noun,replay
replicate,-,-,replicate
reply,1,verb,reply
reply,2,noun,reply
report,1,noun,report
report,2,verb,report
reported,-,noun,reported
reporter,-,-,reporter
represent,-,-,represent
representation,-,-,representation
representative,1,noun,representative
representative,2,adjective,representative
repress,-,-,repress
repression,-,-,repression
reproduce,-,-,reproduce
reproduction,-,-,reproduction
republic,-,-,repubblic
repulsive,-,-,repulsive
reputation,-,-,reputation
request,1,noun,request
request,2,verb,request
require,-,-,require
requirement,-,-,requirement
rescue,1,verb,rescue
rescue,2,noun,rescue
research,1,noun,research
research,2,verb,research
researcher,-,-,researcher
resemblance,-,-,resemblance
resemble,-,-,resemble
resent,-,-,resent
resentment,-,-,resentment
reservation,-,-,reservation
reserve,1,verb,reserve
reserve,2,noun,reserve
reserved,-,-,reserved
reservoir,-,-,reservoir
reside,-,-,reside
residence,-,-,residence
resident,1,noun,resident
resident,2,adjective,resident
residential,-,-,residential
residual,-,-,residual
residue,-,-,residue
resign,-,-,resign
resignation,-,-,resignation
resist,-,-,resist
resistance,-,-,resistance
resistant,-,-,resistant
resolution,-,-,resolution
resolve,1,verb,resolve
resolve,2,noun,resolve
resort,1,noun,resort
resort,2,verb,resort
resource,1,noun,resource
respect,1,noun,respect
respect,2,verb,respect
respectable,-,-,respectable
respectful,-,-,respectful
respective,-,-,respective
respectively,-,-,respectively
respond,-,-,respond
response,-,-,response
responsibility,-,-,responsibility
responsible,-,-,responsible
responsive,-,-,responsive
rest,1,noun,rest
rest,2,verb,rest
restaurant,-,-,restaurant
restless,-,-,restless
restoration,-,-,restoration
restore,-,-,restore
restrain,-,-,restrain
restraint,-,-,restriction
restrict,-,-,restrict
restricted,-,-,restricted
restriction,-,-,restriction
restrictive,-,-,restrictive
restructure,-,-,restructure
result,1,noun,result
result,2,verb,result
resume,1,verb,resume
resume,2,noun,resume
retail,1,noun,retail
retailer,-,-,retailer
retain,-,-,retain
retention,-,-,retention
retire,-,-,retire
retired,-,-,retired
retirement,-,-,retirement
retort,1,verb,retort
retreat,1,verb,retreat
retreat,2,noun,retreat
retrieve,-,-,retreve
return,1,verb,return
return,2,noun,return
reunion,-,-,reunion
reveal,1,verb,reveal
revelation,-,-,revelation
revenge,1,noun,revenge
revenue,-,-,revenue
reversal,-,-,reversal
reverse,1,verb,reverse
reverse,2,noun,reverse
reverse,3,adjective,reverse
revert,-,-,revert
review,1,noun,review
review,2,verb,review
reviewer,-,-,reviewer
revise,-,-,revise
revision,-,-,revision
revival,-,-,revival
revive,-,-,revive
revolt,1,noun,revolt
revolting,-,-,revolting
revolution,-,-,revolution
revolutionary,1,adjective,revolutionary
revolutionize,-,-,revolutionize
revolve,-,-,revolve
reward,1,noun,reward
reward,2,verb,reward
rewarding,-,-,rewarding
rewrite,-,-,rewrite
rhetoric,-,-,rhetoric
rhyme,1,noun,rhyme
rhyme,2,verb,rhyme
rhythm,-,-,rhythm
rhythmic,-,-,rhythmic
rib,1,noun,rib
ribbon,-,-,ribbon
rice,-,-,rice
rich,-,-,rich
rid,1,adjective,rid
ride,1,verb,ride
ride,2,noun,ride
rider,-,-,rider
ridge,-,-,ridge
ridiculous,-,-,ridiculous
rifle,1,noun,rifle
rift,-,-,rift
right,1,adjective,right
right,2,adverb,right
right,3,noun,right
right,4,interjection,right
right,-,noun,right
right-hand,-,-,right-hand
right-handed,-,-,right-handed
rightly,-,-,rightly
right-wing,-,-,right-wing
rigid,-,-,rigid
rigorous,-,-,rigorous
rim,1,noun,rim
ring,1,noun,ring
ring,2,verb,ring
rinse,1,verb,rinse
riot,1,noun,riöt
rip,1,verb,rip
ripe,-,-,ripe
rise,1,verb,rise
rise,2,noun,rise
rising,1,adjective,rising
risk,1,noun,risk
risk,2,verb,risk
risky,-,-,risky
rite,-,-,rite
ritual,1,noun,ritual
ritual,2,adjective,ritual
rival,1,noun,rival
rival,2,verb,rival
rivalry,-,-,rivalry
river,-,-,rivver
road,-,-,road
roam,-,-,roam
roar,1,verb,roar
roar,2,noun,roar
roast,1,verb,roast
roast,2,adjective,roast
rob,-,-,rob
robber,-,-,robber
robbery,-,-,robbery
robe,-,-,robe
robot,-,-,robot
robust,-,-,robust
rock,1,noun,rock
rock,2,verb,rock
rocket,1,noun,rocket
rocky,-,-,rocky
rod,-,-,rod
role,-,-,role
role,-,noun,role
roll,1,verb,roll
roll,2,noun,roll
romance,1,noun,romance
romantic,1,adjective,romantic
roof,1,noun,roof
room,1,noun,room
room,2,verb,room
roommate,-,-,roommate
root,1,noun,root
rope,1,noun,rope
rose,1,noun,rose
rot,1,verb,rot
rotate,-,-,rotate
rotation,-,-,rotation
rotten,1,adjective,rotten
rough,1,adjective,ruff
roughly,-,-,roughly
round,1,adverb preposition,round
round,2,adjective,round
round,3,noun,round
round,4,verb,round
route,1,noun,roote
routine,1,noun,wont
routine,2,adjective,wont
routinely,-,-,routinely
row,1,noun,[ro, row]
row,2,verb,[ro, row]
royal,1,adjective,regal
rub,1,verb,rub
rubber,-,-,rubber
rubbish,1,noun,rubbish
rucksack,-,-,rucksack
rude,-,-,rude
rug,-,-,rug
rugby,-,-,rugby
rugged,-,-,rugged
ruin,1,verb,ruïn
ruin,2,noun,ruïn
rule,1,noun,rule
rule,2,verb,rule
ruler,-,-,ruler
ruling,1,noun,ruling
rumour,-,-,rumor
run,1,verb,run
run,2,noun,run
runner,-,-,runner
running,1,noun,running
runway,-,-,runway
rural,-,-,rural
rush,1,verb,rush
rush,2,noun,rush
rush,-,noun,rush
rust,1,noun,rust
rusty,-,-,rusty
ruthless,-,-,ruthless
sack,1,noun,sack
sacred,-,-,sacrèd
sacrifice,1,noun,sacrifice
sacrifice,2,verb,sacrifice
sad,-,-,sad
saddle,1,noun,saddle
sadly,-,-,sadly
sadness,-,-,sadness
safe,1,adjective,safe
safe,2,noun,safe
safeguard,1,verb,safeguard
safeguard,2,noun,safeguard
safely,-,-,safely
safety,-,-,safeness
sail,1,verb,sail
sail,2,noun,sail
sailor,-,-,sailor
saint,-,-,saint
sake,1,noun,sake
salad,-,-,sallad
salary,-,-,salary
sale,-,-,sale
salesman,-,-,salesman
salesperson,-,-,salesperson
salmon,-,-,salmon
salon,-,-,salon
salt,1,noun,salt
salty,-,-,salty
same,1,adjective,same
same,2,pronoun,same
same,3,adverb,same
sample,1,noun,sample
sample,2,verb,sample
sanction,1,noun,sanction
sanction,2,verb,sanction
sanctuary,-,-,sanctuary
sand,1,noun,sand
sandal,-,-,sandal
sandwich,1,noun,sandwich
sane,-,-,sane
sarcasm,-,-,sarcasm
sarcastic,-,-,sarcastic
satellite,-,-,satellite
satire,-,-,satire
satisfaction,-,-,satisfaction
satisfactory,-,-,satisfactory
satisfied,-,-,satisfied
satisfy,-,-,satisfy
satisfying,-,-,satisfying
Saturday,-,-,Satturday
sauce,-,-,sauce
saucepan,-,-,saucepan
saucer,-,-,saucer
sausage,-,-,sausage
savage,1,adjective,savage
save,1,verb,save
saving,-,-,saving
saw,2,noun,saw
saw,3,verb,saw
say,1,verb,say
say,2,noun,say
saying,-,-,saying
scale,1,noun,scale
scan,1,verb,scan
scan,2,noun,scan
scandal,-,-,scandal
scanner,-,-,scanner
scar,1,noun,scar
scarce,1,adjective,scarce
scarcely,-,-,scarcely
scare,1,verb,scare
scare,2,noun,scare
scared,-,-,scared
scarf,1,noun,scarf
scarlet,-,-,scarlet
scary,-,-,scary
scatter,-,-,scatter
scenario,-,-,scene
scene,-,-,scene
scenery,-,-,scenery
scent,1,noun,scent
sceptical,-,-,skeptical
scepticism,-,-,scepticism
schedule,1,noun,skhedule
schedule,2,verb,skhedule
scheme,1,noun,skhema
scholar,-,-,skhollar
scholarship,-,-,skhollarship
school,1,noun,skhool
science,-,-,sciënce
science,-,noun,sciënce
scientific,-,-,sciëntific
scientist,-,-,sciëntist
scissors,-,-,scissors
scoop,1,noun,scoop
scoop,2,verb,scoop
scooter,-,-,scooter
scope,1,noun,scope
scorch,1,verb,scorch
score,1,noun,score
score,2,verb,score
scout,1,noun,scout
scowl,1,verb,scowl
scramble,1,verb,scramble
scrap,1,noun,scrap
scrape,1,verb,scrape
scratch,1,verb,scratch
scratch,2,noun,scratch
scrawl,1,verb,scrawl
scream,1,verb,scream
scream,2,noun,scream
screech,-,-,screech
screen,1,noun,screen
screen,2,verb,screen
screw,1,noun,screw
screw,2,verb,screw
scribble,1,verb,scribble
script,-,-,script
scrub,1,verb,scrub
scrutiny,-,-,scrutiny
sculpture,-,-,sculpture
sea,-,-,sea
seafood,-,-,seafood
seal,1,noun,seal
seal,2,verb,seal
search,1,noun,serch
search,2,verb,serch
search,-,noun,serch
season,1,noun,season
seat,1,noun,seat
seat,2,verb,seat
seat,-,noun,seat
second,1,number,secund
second,2,noun,secund
second,3,adverb,secund
secondary,-,-,secondary
second-hand,-,-,second-hand
secondly,-,-,secondly
secrecy,-,-,secrecy
secret,1,adjective,secret
secret,2,noun,secret
secretary,-,-,secretary
secretly,-,-,secretly
sect,-,-,sect
section,1,noun,section
sector,-,-,sector
secular,-,-,secular
secure,1,verb,secure
secure,2,adjective,secure
security,-,-,security
seduce,-,-,seduce
see,1,verb,see
seed,1,noun,seed
seek,-,-,seek
seem,-,-,seem
seemingly,-,-,seemingly
segment,1,noun,segment
segregated,-,-,segregated
segregation,-,-,segregation
seize,-,-,seze
seizure,-,-,seizure
seldom,-,-,seldom
select,1,verb,select
select,2,adjective,select
selection,-,-,selection
selective,-,-,selective
self,-,-,self
selfish,-,-,selfish
sell,1,verb,sell
seller,-,-,seller
semantic,-,-,semantic
semester,-,-,semester
semicolon,-,-,semicolon
seminar,-,-,seminar
senate,-,-,senate
senator,-,-,senator
send,-,-,send
senior,1,adjective,senior
senior,2,noun,senior
senior,-,noun,senior
sensation,-,-,sensation
sensational,-,-,sensational
sense,1,noun,sense
sense,2,verb,sense
sensible,-,-,sensible
sensitive,-,-,sensitive
sensitivity,-,-,sensitivity
sensor,-,-,sensor
sentence,1,noun,sentence
sentence,2,verb,sentence
sentiment,-,-,sentiment
sentimental,-,-,sentimental
separate,1,adjective,separate
separate,2,verb,separate
separation,-,-,separation
September,-,-,September
sequel,-,-,sequel
sequence,-,-,sequence
sergeant,-,-,sergeant
series,-,-,series
serious,-,-,serious
seriously,-,-,seriously
sermon,-,-,sermon
servant,-,-,servant
serve,1,verb,serve
server,-,-,server
service,1,noun,service
service,2,verb,service
session,-,-,session
set,1,verb,set
set,2,noun,set
set,3,adjective,set
setback,-,-,setback
setting,-,-,setting
settle,-,-,settle
settlement,-,-,settlement
settler,-,-,settler
set-up,-,-,set-up
seven,-,-,sevven
seventeen,-,-,sevventeen
seventh,1,adjective,seventh
seventy,-,-,sevventy
sever,-,-,sever
several,1,determiner pronoun,several
severe,-,-,severe
severely,-,-,severely
sew,-,-,sew
sewing,-,-,sewing
sex,1,noun,sex
sexism,-,-,sexism
sexual,-,-,sexual
sexuality,-,-,sexuality
sexy,-,-,sexy
shabby,-,-,shabby
shade,1,noun,shade
shadow,1,noun,shadow
shake,1,verb,shake
shake,2,noun,shake
shaky,-,-,shaky
shall,-,verb,shall
shallow,-,-,shallow
shame,1,noun,shame
shampoo,1,noun,shampoo
shape,1,noun,shape
shape,2,verb,shape
share,1,verb,share
share,2,noun,share
shareholder,-,-,share-holder
shark,-,-,shark
sharp,1,adjective,sharp
sharpen,-,-,sharpen
sharply,-,-,sharply
shatter,-,-,shatter
shave,1,verb,shave
she,1,pronoun,she
shed,1,noun,shed
shed,2,verb,shed
sheep,-,-,sheep
sheer,1,adjective,sheer
sheet,-,-,sheet
shelf,-,-,shelf
shell,1,noun,shell
shell,2,verb,shell
shelter,1,noun,shelter
shelter,2,verb,shelter
sheriff,-,-,sheriff
shield,1,noun,shield
shield,2,verb,shield
shift,1,verb,shift
shift,2,noun,shift
shine,1,verb,shine
shiny,-,-,shiny
ship,1,noun,ship
ship,2,verb,ship
shipment,-,-,shipment
shirt,-,-,shirt
shiver,1,verb,shiver
shock,1,noun,shock
shock,2,verb,shock
shocked,-,-,shocked
shocking,-,-,shocking
shoe,1,noun,shoo
shoot,1,verb,shoot
shooting,-,-,shooting
shop,1,noun,shop
shop,2,verb,shop
shop,-,noun,shop
shoplifting,-,-,shoplifting
shopper,-,-,shopper
shopping,-,-,shopping
shopping,-,noun,shopping
shore,1,noun,shore
short,1,adjective,short
short,2,noun,short
short,3,adverb,short
shortage,-,-,shortness
shortcoming,-,-,shortcoming
short,-,noun,short
shorten,-,-,shorten
shortfall,-,-,shortfall
short-lived,-,-,short-lived
shortly,-,-,shortly
short-term,-,-,short-term
shot,1,noun,shot
should,-,verb,should
shoulder,1,noun,shoulder
shout,1,verb,shout
shout,2,noun,shout
shove,1,verb,shove
shovel,1,noun,shovel
shovel,2,verb,shovel
show,1,verb,sho
show,2,noun,sho
shower,1,noun,shower
shrewd,-,-,shrewd
shriek,1,verb,shriek
shrimp,-,-,shrimp
shrink,1,verb,shrink
shrub,-,-,shrub
shrug,1,verb,shrug
shudder,1,verb,shudder
shuffle,1,verb,shuffle
shut,1,verb,shut
shut,2,adjective,shut
shutdown,-,-,shutdown
shuttle,1,noun,shuttle
shy,1,adjective,shy
sibling,-,-,sibling
sick,1,adjective,sick
sickness,-,-,sickness
side,1,noun,side
side,2,adjective,side
side,-,noun,side
sidewalk,-,-,sidewalk
sideways,-,-,sideways
siege,-,-,siege
sigh,1,verb,sigh
sigh,2,noun,sigh
sight,1,noun,sight
sightseeing,-,-,sightseeing
sign,1,noun,sign
sign,2,verb,sign
signal,1,noun,signal
signal,2,verb,signal
signature,-,-,signature
significance,-,-,significance
significant,-,-,significant
significantly,-,-,significantly
signify,-,-,signify
silence,1,noun,silence
silence,2,verb,silence
silent,-,-,silent
silk,-,-,silk
silly,1,adjective,silly
silver,1,noun,silver
silver,2,adjective,silver
similar,-,-,similar
similarity,-,-,similarity
similarly,-,-,similarly
simile,-,-,simile
simple,-,-,simple
simplicity,-,-,simplicity
simplify,-,-,simplify
simplistic,-,-,simplistic
simply,-,-,simply
simulate,-,-,simulate
simulated,-,-,simulated
simulation,-,-,simulation
simultaneous,-,-,simultaneous
sin,1,noun,sin
since,-,conjunction adverb,since
sincere,-,-,sincere
sincerely,-,-,sincerely
sing,-,-,sing
singer,-,-,singer
single,1,adjective,single
single,2,noun,single
singular,1,adjective,singular
singular,2,noun,singular
sinister,-,-,sinister
sink,1,verb,sink
sink,2,noun,sink
sip,1,verb,sip
sir,-,-,sir
sister,-,-,sister
sister-in-law,-,-,sister-in-law
sit,-,-,sit
site,1,noun,site
site,2,verb,site
situated,-,-,situated
situation,-,-,situation
six,-,-,six
sixteen,-,-,sixteen
sixth,1,adjective,sixth
sixty,-,-,sixty
size,1,noun,size
skate,1,noun,skate
skate,2,verb,skate
skateboard,-,-,skateboard
skating,-,-,skating
skeleton,-,-,skeleton
sketch,1,noun,sketch
sketch,2,verb,sketch
ski,1,noun,skee
ski,2,verb,skee
skiing,-,-,skeeïng
skilful,-,-,skilful
skill,-,-,skill
skilled,-,-,skilled
skin,1,noun,skin
skinny,-,-,skinny
skip,1,verb,skip
skirt,1,noun,skirt
skull,-,-,skull
sky,-,-,sky
slab,-,-,slab
slam,1,verb,slam
slap,1,verb,slap
slash,1,verb,slash
slash,2,noun,slash
slaughter,1,verb,slaughter
slaughter,2,noun,slaughter
slave,1,noun,slave
slavery,-,-,slavery
sleep,1,verb,sleep
sleep,2,noun,sleep
sleepy,-,-,sleepy
sleeve,-,-,sleeve
slender,-,-,slender
slice,1,noun,slice
slice,2,verb,slice
slide,1,verb,slide
slide,2,noun,slide
slight,1,adjective,slight
slightly,-,-,slightly
slim,1,adjective,slim
slip,1,verb,slip
slip,2,noun,slip
slippery,-,-,slippery
slogan,-,-,slogan
slope,1,noun,slope
slot,1,noun,slot
slow,1,adjective,slo
slow,2,verb,slo
slowly,-,-,slowly
slum,1,noun,slum
slump,1,verb,slump
slump,2,noun,slump
small,1,adjective,small
smart,1,adjective,smart
smash,1,verb,smash
smell,1,noun,smell
smell,2,verb,smell
smile,1,verb,smile
smile,2,noun,smile
smog,-,-,smog
smoke,1,noun,smoke
smoke,2,verb,smoke
smoker,-,-,smoker
smoking,-,-,smoking
smooth,1,adjective,smooth
smooth,2,verb,smooth
smoothly,-,-,smoothly
smuggle,-,-,smuggle
snack,1,noun,snack
snail,-,-,snail
snake,1,noun,snake
snap,1,verb,snap
snatch,1,verb,snatch
sneak,1,verb,sneak
sneaker,-,-,sneaker
sneaky,-,-,sneaky
sneeze,1,verb,sneeze
sniff,1,verb,sniff
snob,-,-,snob
snore,-,-,snore
snort,1,verb,snort
snow,1,noun,sno
snow,2,verb,sno
snowman,-,-,snowman
snowstorm,-,-,snowstorm
snowy,-,-,snowy
so,1,adverb,so
so,2,conjunction,so
soak,1,verb,soak
soap,1,noun,soap
soap,-,noun,soap
soar,-,-,soar
sob,-,-,sob
sober,1,adjective,sober
so-called,-,-,so-called
soccer,-,-,soccer
social,1,adjective,social
socialism,-,-,socialism
socialist,1,adjective,socialist
socially,-,-,socially
social,-,noun,social
society,-,-,society
sociology,-,-,sociology
sock,1,noun,sock
socket,-,-,socket
soda,-,-,soda
sofa,-,-,sofa
soft,-,-,soft
soft,-,noun,soft
soften,-,-,soften
software,-,-,software
soil,1,noun,soil
solar,-,-,solar
solar,-,noun,solar
soldier,1,noun sold,soldier
out,-,sole 1,out
adjective,-,2,adjective
noun,-,-,noun
solely,-,-,solely
solemn,-,-,solemn
solicitor,-,-,solicitor
solid,1,adjective,solid
solid,2,noun,solid
solidarity,-,-,solidarity
solitary,1,adjective,solitary
solo,1,noun,solo
solution,-,-,solution
solve,-,-,solve
some,1,determiner,some
some,2,pronoun,some
some,3,adverb,some
somebody,1,pronoun,somebody
someday,-,-,someday
somehow,-,-,somehow
someone,1,pronoun,someone
something,-,-,something
sometime,1,adverb,sometime
sometimes,-,-,sometimes
somewhat,-,-,somewhat
somewhere,-,-,somewhere
son,-,-,son
song,-,-,song
songwriter,-,-,songwriter
son-in-law,-,-,son-in-law
soon,-,-,soon
soothe,-,-,soothe
sophisticated,-,-,sophisticated
soppy,-,-,soppy
sore,1,adjective,sore
sorrow,1,noun,sorrow
sorry,-,-,sorry
sort,1,noun,sort
sort,2,verb,sort
so-so,-,adverb,so-so
soul,-,-,soal
sound,1,noun,sound
sound,2,verb,sound
sound,3,adjective,sound
soup,1,noun,soop
sour,1,adjective,sour
source,1,noun,sôrce
south,1,noun,south
south,2,adjective,south
south,3,adverb,south
southeast,1,noun,southeast
southeast,2,adjective,southeast
southern,-,-,suddhern
southwest,1,noun,southwest
southwest,2,adjective,southwest
souvenir,-,-,souvenir
sovereign,1,noun,sovereign
sovereign,2,adjective,sovereign
sow,1,verb,sow
spa,-,-,spa
space,1,noun,space
space,2,verb,space
spacious,-,-,spacious
spade,-,-,spade
spaghetti,-,-,spaghetti
spare,1,adjective,spare
spare,2,verb,spare
spark,1,noun,spark
spark,2,verb,spark
sparkle,1,verb,sparkle
speak,-,-,speak
speaker,-,-,speaker
special,1,adjective,special
specialist,-,-,specialist
speciality,-,-,speciality
specialize,-,-,specialize
specialized,-,-,specialized
specially,-,-,specially
special,-,noun,special
species,-,-,species
specific,1,adjective,specific
specifically,-,-,specifically
specification,-,-,specification
specify,-,-,specify
specimen,-,-,specimen
spectacle,-,-,spectacle
spectacular,1,adjective,spectacular
spectator,-,-,spectator
spectrum,-,-,spectrum
speculate,-,-,speculate
speculation,-,-,speculation
speech,-,-,speech
speed,1,noun,speed
speed,2,verb,speed
spell,1,verb,spell
spell,2,noun,spell
spelling,-,-,spelling
spend,1,verb,spend
spending,-,-,spending
sphere,-,-,sphere
spice,1,noun,spice
spicy,-,-,spicy
spider,-,-,spider
spike,1,noun,spike
spill,1,verb,spill
spin,1,verb,spin
spine,-,-,spine
spiral,1,noun,spiral
spirit,1,noun,spirit
spiritual,1,adjective,spiritual
spit,1,verb,spit
spite,1,noun,spite
splash,1,verb,splash
splash,2,noun,splash
splendid,-,-,splendid
split,1,verb,split
split,2,noun,split
spoil,1,verb,spoil
spoken,2,adjective,spoken
spokesman,-,-,spokesman
spokesperson,-,-,spokesperson
spokeswoman,-,-,spokeswoman
sponge,1,noun,sponge
sponsor,1,noun,sponsor
sponsor,2,verb,sponsor
sponsorship,-,-,sponsorship
spontaneous,-,-,spontaneous
spoon,1,noun,spoon
sport,1,noun,sport
sports,-,noun,sports
sports,-,noun,sports
spot,1,noun,spot
spot,2,verb,spot
spotlight,1,noun,spotlight
spouse,-,-,spouse
sprain,-,-,sprain
sprawl,1,verb,sprawl
spray,1,verb,spray
spray,2,noun,spray
spread,1,verb,spred
spread,2,noun,spred
spreadsheet,-,-,spreadsheet
spring,1,noun,spring
spring,2,verb,spring
sprinkle,1,verb,sprinkle
spy,1,noun,spy
spy,2,verb,spy
squad,-,-,squad
square,1,adjective,square
square,2,noun,square
squash,1,verb,squash
squash,2,noun,squash
squat,1,verb,squat
squeak,1,verb,squeak
squeal,1,verb,squeal
squeeze,1,verb,squeeze
squirrel,1,noun,squirrel
stab,1,verb,stab
stability,-,-,stability
stabilize,-,-,stabilize
stable,1,adjective,stable
stable,2,noun,stable
stack,1,noun,stack
stack,2,verb,stack
stadium,-,-,stadium
staff,1,noun,staff
stage,1,noun,stage
stage,2,verb,stage
stagger,1,verb,stagger
stain,1,verb,stain
stain,2,noun,stain
stair,-,-,stair
staircase,-,-,staircase
stake,1,noun,stake
stale,-,-,stale
stall,1,noun,stall
stamina,-,-,stamina
stamp,1,noun,stamp
stamp,2,verb,stamp
stance,-,-,stance
stand,1,verb,stand
stand,2,noun,stand
standard,1,noun,standard
standard,2,adjective,standard
standardize,-,-,standardize
standard,-,living noun,standard
standpoint,-,-,standpoint
staple,1,noun,staple
star,1,noun,star
star,2,verb,star
stare,1,verb,stare
stare,2,noun,stare
start,1,verb,start
start,2,noun,start
starter,-,-,starter
startle,-,-,startle
starve,-,-,starve
state,1,noun,state
state,2,verb,state
statement,1,noun,statement
statesman,-,-,statesman
static,1,adjective,static
station,1,noun,station
stationary,-,-,stationary
statistic,-,-,statistic
statistical,-,-,statistical
statue,-,-,statue
status,-,-,status
statute,-,-,statute
statutory,-,-,statutory
stay,1,verb,stay
stay,2,noun,stay
steadily,-,-,steadily
steady,1,adjective,steddy
steak,-,-,steak
steal,1,verb,steal
steam,1,noun,steam
steam,2,verb,steam
steel,1,noun,steel
steep,1,adjective,steep
steer,1,verb,steer
steering,-,noun,steering
stem,1,noun,stem
step,1,noun,step
step,2,verb,step
stepfather,-,-,stepfather
stepmother,-,-,stepmother
stereotype,1,noun,stereotype
stern,1,adjective,stern
stew,1,noun,stew
stick,1,verb,stick
stick,2,noun,stick
sticker,-,-,sticker
sticky,-,-,sticky
stiff,1,adjective,stiff
stigma,-,-,stigma
still,1,adverb,still
still,2,adjective,still
stimulate,-,-,stimulate
stimulating,-,-,stimulating
stimulus,-,-,stimulus
sting,1,verb,sting
sting,2,noun,sting
stink,1,verb,stink
stipulate,-,-,stipulate
stir,1,verb,stir
stitch,1,noun,stitch
stock,1,noun,stock
stock,2,verb,stock
stock,-,noun,stock
stolen,2,adjective,stolen
stomach,1,noun,stomakh
stomachache,-,-,stomachache
stone,1,noun,stone
stool,-,-,stool
stop,1,verb,stop
stop,2,noun,stop
storage,-,-,storage
store,1,noun,store
store,2,verb,store
storey,-,-,storey
storm,1,noun,storm
storm,2,verb,storm
stormy,-,-,stormy
story,-,-,story
story,-,noun,story
stove,1,noun,stove
straight,1,adverb,straight
straight,2,adjective,straight
straighten,-,-,straighten
straightforward,-,-,straight-forward
strain,1,noun,strain
strain,2,verb,strain
strait,-,-,strait
strand,-,-,strand
strange,1,adjective,strange
strangely,-,-,strangely
stranger,-,-,stranger
strap,1,noun,strap
strategic,-,-,strategic
strategy,-,-,strategy
straw,-,-,straw
strawberry,-,-,strawberry
stray,1,verb,stray
stray,2,adjective,stray
streak,1,noun,streak
stream,1,noun,stream
stream,2,verb,stream
street,1,noun,street
strength,-,-,strength
strengthen,-,-,strengthen
stress,1,noun,stress
stress,2,verb,stress
stressful,-,-,stressful
stretch,1,verb,stretch
stretch,2,noun,stretch
strict,-,-,strict
strictly,-,-,strictly
stride,1,noun,stride
stride,2,verb,stride
strike,1,verb,strike
strike,2,noun,strike
striking,-,-,striking
string,1,noun,string
strip,1,noun,strip
strip,2,verb,strip
stripe,-,-,stripe
striped,-,-,striped
strive,-,-,strive
stroke,1,noun,stroke
stroke,2,verb,stroke
stroll,-,-,stroll
strong,-,-,strong
strongly,-,-,strongly
structural,-,-,structural
structure,1,noun,structure
structure,2,verb,structure
struggle,1,verb,struggle
struggle,2,noun,struggle
stubborn,-,-,stubborn
stuck,2,adjective,stuck
student,-,-,student
studio,-,-,studio
study,1,noun,studdy
study,2,verb,studdy
stuff,1,noun,stuff
stuff,2,verb,stuff
stuffed,-,-,stuffed
stumble,-,-,stumble
stunned,-,-,stunned
stunning,-,-,stunning
stupid,1,adjective,stupid
sturdy,-,-,sturdy
style,1,noun,style
stylish,-,-,stylish
subject,1,noun,subject
subject,2,adjective,subject
subject,3,verb,subject
subjective,-,-,subjective
sublime,1,adjective,sublime
submarine,1,noun,submarine
submission,-,-,submission
submit,-,-,submit
subordinate,1,adjective,subordinate
subordinate,2,noun,subordinate
subscribe,-,-,subscribe
subscription,-,-,subscription
subsection,-,-,subsection
subsequent,-,-,subsequent
subsequently,-,-,subsequently
subside,-,-,subside
subsidiary,1,noun,subsidiary
subsidiary,2,adjective,subsidiary
subsidize,-,-,subsidize
subsidy,-,-,subsidy
substance,-,-,substance
substantial,-,-,substantial
substantially,-,-,substantially
substantive,1,adjective,substantive
substitute,1,noun,substitute
substitute,2,verb,substitute
subtitle,-,-,subtitle
subtle,-,-,subtle
suburb,-,-,suburb
subway,-,-,subway
succeed,-,-,succede
success,-,-,success
successful,-,-,successful
succession,-,-,succession
successive,-,-,successive
successor,-,-,successor
such,-,predeterminer prono,such
suck,1,verb,suck
sudden,-,-,sudden
suddenly,-,-,suddenly
sue,-,-,sue
suffer,-,-,suffer
suffering,-,-,suffering
suffice,-,-,suffice
sufficient,-,-,sufficient
sugar,1,noun,sugar
suggest,-,-,suggest
suggestion,-,-,suggestion
suicide,-,-,suïcide
suit,1,noun,sute
suit,2,verb,sute
suitable,-,-,sutable
suitably,-,-,suitably
suitcase,-,-,suitcase
suite,-,-,suite
sum,1,noun,sum
sum,2,verb,sum
summarize,-,-,summarize
summary,1,noun,summary
summer,1,noun,summer
summit,-,-,summit
summon,-,-,summon
sun,1,noun,sun
Sunday,-,-,Sunday
sunglasses,-,-,sunglasses
sunlight,-,-,sunlight
sunny,-,-,sunny
sunrise,-,-,sunrise
sunset,-,-,sunset
sunshine,-,-,sunshine
suntan,-,-,suntan
super,1,adjective,super
superb,-,-,superb
superficial,-,-,superficial
superior,1,adjective,superior
superior,2,noun,superior
superiority,-,-,superiority
supermarket,-,-,supermarket
superstition,-,-,superstition
superstitious,-,-,superstitious
superstore,-,-,superstore
supervise,-,-,supervise
supervision,-,-,supervision
supervisor,-,-,supervisor
supper,-,-,supper
supplement,1,noun,supplement
supplement,2,verb,supplement
supplementary,-,-,supplementary
supply,1,noun,supply
supply,2,verb,supply
support,1,verb,support
support,2,noun,support
supporter,-,-,supporter
supportive,-,-,supportive
suppose,-,-,suppose
supposed,-,-,supposed
supposedly,-,-,supposedly
suppress,-,-,suppress
supreme,-,-,supreme
supremely,-,-,supremely
sure,1,adjective,sure
sure,2,adverb,sure
surely,-,-,surely
surf,1,verb,surf
surface,1,noun,surface
surfing,-,-,surfing
surge,1,verb,surge
surge,2,noun,surge
surgeon,-,-,surgeon
surgery,-,-,surgery
surgical,-,-,surgical
surname,-,-,surname
surpass,-,-,surpass
surplus,1,noun,surplus
surplus,2,adjective,surplus
surprise,1,noun,surprise
surprise,2,verb,surprise
surprised,-,-,surprised
surprising,-,-,surprising
surprisingly,-,-,surprisingly
surrender,1,verb,surrender
surrender,2,noun,surrender
surround,1,verb,surround
surrounding,-,-,surrounding
surroundings,-,-,surroundings
survey,1,noun,survey
survey,2,verb,survey
survival,-,-,survival
survive,-,-,survive
survivor,-,-,survivor
susceptible,-,-,susceptible
suspect,1,verb,suspect
suspect,2,noun,suspect
suspend,-,-,suspend
suspension,-,-,suspension
suspicion,-,-,suspicion
suspicious,-,-,suspicious
sustain,-,-,sustain
sustainable,-,-,sustinible
swallow,1,verb,swallo
swamp,1,noun,swamp
swap,1,verb,swap
sway,1,verb,sway
swear,-,-,swear
swear,-,noun,swear
sweat,1,verb,sweat
sweat,2,noun,sweat
sweater,-,-,swetter
sweatshirt,-,-,sweatshirt
sweep,1,verb,sweep
sweeping,-,-,sweeping
sweet,1,adjective,sweet
sweet,2,noun,sweet
sweetheart,-,-,sweetheart
swell,1,verb,swell
swift,1,adjective,swift
swim,1,verb,swim
swim,2,noun,swim
swimming,-,-,swimming
swimming,-,noun,swimming
swimming,-,noun,swimming
swimming,-,noun,swimming
swimsuit,-,-,swimsuit
swing,1,verb,swing
swing,2,noun,swing
swirl,1,verb,swirl
switch,1,verb,switch
switch,2,noun,switch
sword,-,-,sword
syllable,-,-,syllable
symbol,-,-,symbol
symbolic,-,-,symbolic
symbolism,-,-,symbolism
symbolize,-,-,symbolize
symmetrical,-,-,symmetrical
symmetry,-,-,symmetry
sympathetic,-,-,sympathetic
sympathy,-,-,sympathy
symphony,-,-,symphony
symptom,-,-,symptom
syndrome,-,-,syndrome
synonym,-,-,synonym
synonymous,-,-,synonymous
syntax,-,-,syntax
synthesis,-,-,synthesis
synthetic,-,-,synthetic
system,-,-,system
systematic,-,-,systematic
table,1,noun,table
tablespoon,-,-,tablespoon
tablet,-,-,tablet
tackle,1,verb,tackle
tact,-,-,tact
tactic,-,-,tactic
tactical,-,-,tactical
tag,1,noun,tag
tail,1,noun,tail
tailor,1,verb,tailor
take,1,verb,take
takeover,-,-,takeover
tale,-,-,tale
talent,-,-,talent
talented,-,-,talented
talk,1,verb,talk
talk,2,noun,talk
talkative,-,-,talkative
tall,-,-,tall
tangible,-,-,tangible
tank,1,noun,tank
tap,1,noun,tap
tap,2,verb,tap
tape,1,noun,tape
tape,2,verb,tape
target,1,noun,target
target,2,verb,target
tariff,-,-,tariff
task,1,noun,task
taste,1,noun,taste
taste,2,verb,taste
tasty,-,-,tasty
tax,1,noun,tax
tax,2,verb,tax
taxation,-,-,taxation
taxi,1,noun,taxy
taxpayer,-,-,tax payer
tea,-,-,tea
teach,-,-,teach
teacher,-,-,teacher
teaching,-,-,teaching
team,1,noun,team
team,2,verb,team
team-mate,-,-,team-mate
teamwork,-,-,teamwork
teapot,-,-,teapot
tear,1,noun,tear
tear,2,verb,tear
tease,1,verb,tease
teaspoon,-,-,teaspoon
technical,-,-,tekhnical
technically,-,-,technically
technician,-,-,technician
technique,-,-,tekhnic
technological,-,-,tekhnological
technology,-,-,tekhnology
tedious,-,-,tedious
teen,1,noun,teen
teenage,-,-,teenage
teenager,-,-,teenager
telecommunications,-,-,telecommunications
telephone,1,noun,telephone
telephone,2,verb,telephone
telescope,1,noun,telescope
televise,-,-,televise
television,-,-,television
tell,-,-,tell
telly,-,-,telly
temper,1,noun,temper
temperament,-,-,temperament
temperature,-,-,temperature
temple,-,-,temple
temporary,-,-,temporary
tempt,-,-,tempt
temptation,-,-,temptation
tempting,-,-,tempting
ten,-,noun,ten
tenant,-,-,tenant
tend,-,-,tend
tendency,-,-,tendency
tender,1,adjective,tender
tennis,-,-,tennis
tense,1,adjective,tense
tense,2,noun,tense
tension,-,-,tension
tent,-,-,tent
tentative,-,-,tentative
tenth,1,adjective,tenth
term,1,noun,term
term,2,verb,term
terminal,1,noun,terminal
terminal,2,adjective,terminal
terminate,-,-,terminate
terminology,-,-,terminology
terrace,-,-,terrace
terrain,-,-,terrain
terrible,-,-,terrible
terribly,-,-,terribly
terrific,-,-,terrific
terrified,-,-,terrified
terrify,-,-,terrify
terrifying,-,-,terrifying
territorial,-,-,territorial
territory,-,-,territory
terror,-,-,terror
terrorism,-,-,terrorism
terrorist,-,-,terrorist
test,1,noun,test
test,2,verb,test
testify,-,-,testify
testimony,-,-,testimony
text,1,noun,text
text,2,verb,text
textbook,1,noun,text-bwck
textile,-,-,textile
texture,-,-,texture
than,-,preposition,than
thank,-,-,thank
thankfully,-,-,thankfully
thanks,1,interjection,thanks
thanks,2,noun,thanks
Thanksgiving,-,-,Thanksgiving
thank,-,interjection,thank
that,1,determiner pronoun,that
that,2,conjunction,that
that,3,adverb,that
the,1,definite article determiner,the
the,2,adverb,the
theatre,-,-,theäter
theatrical,-,-,theätrical
theft,-,-,theft
their,-,-,their
theirs,-,-,theirs
them,1,pronoun,them
theme,-,-,theme
themselves,-,-,themselves
then,1,adverb,then
theoretical,-,-,theöretical
theoretically,-,-,theoretically
theorist,-,-,theorist
theory,-,-,theöry
therapeutic,-,-,therapeutic
therapist,-,-,therapist
therapy,-,-,therapy
there,1,pronoun,there
there,2,adverb,there
there,3,interjection,there
thereafter,-,-,thereafter
thereby,-,-,thereby
therefore,-,-,therefore
thermometer,-,-,thermometer
thesis,-,-,thesis
they,-,-,they
thick,1,adjective,thick
thickness,-,-,thickness
thief,-,-,theef
thigh,-,-,thigh
thin,1,adjective,thin
thin,2,verb,thin
thing,-,-,thing
think,1,verb,think
thinker,-,-,thinker
thinking,1,noun,thinking
thinly,-,-,thinly
third,1,adjective,third
third,2,noun,third
thirst,1,noun,thirst
thirsty,-,-,thirsty
thirteen,-,-,thirteen
thirty,-,-,thirty
this,1,determiner pronoun,this
this,2,adverb,this
thorn,-,-,thorn
thorough,-,-,thoro
thoroughly,-,-,thoroughly
though,1,conjunction,though
though,2,adverb,though
thought,2,noun,thought
thoughtful,-,-,thoughtful
thoughtless,-,-,thoughtless
thousand,-,-,thousand
thread,1,noun,thred
threat,-,-,thret
threaten,-,-,thretten
three,-,-,three
three-dimensional,-,-,three-dimensional
threshold,-,-,threshold
thrill,1,noun,thrill
thrill,2,verb,thrill
thrilled,-,-,thrilled
thriller,-,-,thriller
thrilling,-,-,thrilling
thrive,-,-,thrive
throat,-,-,throat
throne,-,-,throne
through,1,preposition adverb,through
throughout,-,adverb,throughout
throw,1,verb,thro
throw,2,noun,thro
thrust,1,verb,thrust
thrust,2,noun,thrust
thug,-,-,thug
thumb,1,noun,thumb
thump,1,verb,thump
thunder,1,noun,thunder
thunderstorm,-,-,thunderstorm
Thursday,-,-,Thursday
thus,-,-,thus
thwart,-,-,thwart
tick,1,verb,tick
ticket,1,noun,ticket
tickle,1,verb,tickle
tide,1,noun,tide
tidy,1,adjective,tidy
tidy,2,verb,tidy
tie,1,verb,tie
tie,2,noun,tie
tier,-,-,tier
tiger,-,-,tiger
tight,1,adjective,tight
tight,2,adverb,tight
tighten,-,-,tighten
tightly,-,-,tightly
tile,1,noun,tile
till,1,preposition conjunction,till
tilt,1,verb,tilt
timber,-,-,timber
time,1,noun,time
time,2,verb,time
time-consuming,-,-,time-consuming
timeless,-,-,timeless
timely,-,-,timely
timescale,-,-,timescale
timetable,1,noun,timetable
timing,-,-,timing
tin,1,noun,tin
tiny,-,-,tiny
tip,1,noun,tip
tip,2,verb,tip
tiptoe,1,noun,tiptoe
tiptoe,2,verb,tiptoe
tire,1,verb,tire
tired,-,-,tired
tiresome,-,-,tiresome
tiring,-,-,tiring
tissue,-,-,tissue
title,-,-,title
titled,-,-,titled
to,1,-,to
to,2,preposition,to
to,3,adverb,to
toast,1,noun,toast
toaster,-,-,toaster
tobacco,-,-,tobacco
today,1,adverb,today
toddler,-,-,toddler
toe,1,noun,toe
toenail,-,-,toenail
together,1,adverb,togeddher
toilet,-,-,toilet
toilet,-,noun,toilet
token,1,noun,token
token,2,adjective,token
tolerance,-,-,tolerance
tolerant,-,-,tolerant
tolerate,-,-,tolerate
toll,1,noun,toll
tomato,-,-,tomato
tomb,-,-,toom
tomorrow,1,adverb,tomorrow
ton,-,-,ton
tone,1,noun,tone
tongue,1,noun,tung
tonight,1,adverb,tonight
too,-,-,too
tool,1,noun,tool
tooth,-,-,tooth
toothache,-,-,toothache
toothbrush,-,-,toothbrush
toothpaste,-,-,toothpaste
top,1,noun,top
top,2,adjective,top
top,3,verb,top
topic,-,-,topic
topple,-,-,topple
torch,1,noun,torch
torture,1,noun,torture
torture,2,verb,torture
toss,1,verb,toss
total,1,adjective,total
total,2,noun,total
total,3,verb,total
totally,-,-,totally
touch,1,verb,tuch
touch,2,noun,tuch
touchdown,-,-,touchdown
touching,1,adjective,touching
tough,1,adjective,tuff
tour,1,noun,toor
tour,2,verb,toor
tourism,-,-,tourism
tourist,-,-,tourist
tournament,-,-,tournament
tout,1,verb,tout
tow,1,verb,tow
towards,-,-,to-wards
towel,1,noun,towel
tower,1,noun,tower
town,-,-,town
town,-,noun,town
toxic,-,-,toxic
toy,1,noun,toy
toy,2,verb,toy
trace,1,verb,trace
trace,2,noun,trace
track,1,noun,track
track,2,verb,track
tract,-,-,tract
tractor,-,-,tractor
trade,1,noun,trade
trade,2,verb,trade
trader,-,-,trader
trading,-,-,trading
tradition,-,-,tradition
traditional,-,-,traditional
traditionally,-,-,traditionally
traffic,1,noun,traffic
traffic,2,verb,traffic
traffic,-,noun,traffic
traffic,-,noun,traffic
tragedy,-,-,tragedy
tragic,-,-,tragic
trail,1,verb,trail
trail,2,noun,trail
trailer,-,-,trailer
train,1,noun,train
train,2,verb,train
trainee,-,-,trainee
trainer,-,-,trainer
training,-,-,training
trait,-,-,trait
traitor,-,-,traitor
tram,-,-,tram
transaction,-,-,transaction
transcend,-,-,transcend
transcript,-,-,transcript
transfer,1,verb,transfer
transfer,2,noun,transfer
transform,-,-,transform
transformation,-,-,transformation
transit,-,-,transit
transition,1,noun,transition
transitional,-,-,transitional
translate,-,-,translate
translation,-,-,translation
translator,-,-,translator
transmission,-,-,transmission
transmit,-,-,transmit
transparent,-,-,transparent
transplant,1,noun,transplant
transport,1,noun,transport
transport,2,verb,transport
transportation,-,-,transportation
trap,1,noun,trap
trap,2,verb,trap
trash,1,noun,trash
trauma,-,-,trauma
traumatic,-,-,traumatic
travel,1,verb,travvel
travel,2,noun,travvel
traveller,-,-,traveller
travelling,1,adjective,travelling
tray,-,-,tray
tread,1,verb,tread
treasure,1,noun,trezzure
treat,1,verb,treat
treat,2,noun,treat
treatment,-,-,treatment
treaty,-,-,treaty
tree,-,-,tree
trek,1,noun,trek
tremble,-,-,tremble
tremendous,-,-,tremendous
trench,-,-,trench
trend,1,noun,trend
trial,1,noun,trial
triangle,-,-,triangle
triangular,-,-,triangular
tribal,-,-,tribal
tribe,-,-,tribe
tribunal,-,-,tribunal
tribute,-,-,tribbute
trick,1,noun,trick
trick,2,verb,trick
tricky,-,-,tricky
trigger,1,verb,trigger
trigger,2,noun,trigger
trillion,-,-,trillion
trim,1,verb,trim
trip,1,noun,trip
trip,2,verb,trip
triple,1,adjective predeterminer,triple
triple,2,verb,triple
triumph,1,noun,triümph
triumphant,-,-,triumphant
trivial,-,-,trivial
trolley,-,-,trolley
troop,1,noun,troop
trophy,-,-,trophy
tropical,-,-,tropical
trot,1,verb,trot
trouble,1,noun,trubble
trouble,2,verb,trubble
troubled,-,-,troubled
troublesome,-,-,troublesome
trousers,-,-,trousers
trout,-,-,trout
truce,-,-,truce
truck,1,noun,truck
true,1,adjective,true
truly,-,-,truly
trumpet,1,noun,trumpet
trunk,-,-,trunk
trust,1,noun,trust
trust,2,verb,trust
trustee,-,-,trustee
trustworthy,-,-,trustworthy
truth,-,-,trueth
try,1,verb,try
try,2,noun,try
trying,-,-,trying
T-shirt,-,-,T-shirt
tub,-,-,tub
tube,1,noun,tube
tuck,1,verb,tuck
Tuesday,-,-,Tuesday
tug,1,verb,tug
tuition,-,-,tuition
tumble,1,verb,tumble
tummy,-,-,tummy
tumour,-,-,tumour
tuna,-,-,tuna
tune,1,noun,tune
tune,2,verb,tune
tunnel,1,noun,tunnel
turbulence,-,-,turbulence
turbulent,-,-,turbulent
turf,1,noun,turf
turkey,-,-,turkey
turmoil,-,-,turmoil
turn,1,verb,turn
turn,2,noun,turn
turnout,-,-,turn-out
turnover,-,-,turn-over
turtle,-,-,turtle
tutor,1,noun,tutor
tutorial,1,noun,tutorial
TV,-,-,TV
twelve,-,-,twelve
twenty,-,noun,twenty
twice,-,predeterminer,twice
twig,1,noun,twig
twilight,-,-,twilight
twin,1,noun,twin
twin,2,adjective,twin
twist,1,verb,twist
twist,2,noun,twist
twisted,-,-,twisted
two,-,-,two
two-dimensional,-,-,two-dimensional
type,1,noun,type
type,2,verb,type
typical,-,-,typical
typically,-,-,typically
tyrant,-,-,tyrant
tyre,-,-,tyre
ubiquitous,-,-,ubiquitous
ugly,-,-,ugly
ulcer,-,-,ulcer
ultimate,1,adjective,ultimate
ultimately,-,-,ultimately
ultimatum,-,-,ultimatum
umbrella,-,-,umbrella
umpire,1,noun,umpire
unable,-,-,unable
unacceptable,-,-,inacceptable
unaffected,-,-,unaffected
unambiguous,-,-,unambiguous
unanimous,-,-,unanimous
unauthorized,-,-,unauthorized
unavailable,-,-,unavailable
unavoidable,-,-,unavoidable
unaware,-,-,unaware
unbelievable,-,-,unbelievable
uncertain,-,-,uncertain
uncertainty,-,-,uncertainty
unchanging,-,-,unchanging
uncle,-,-,uncle
unclear,-,-,unclear
uncomfortable,-,-,disconfortable
uncommon,-,-,uncommon
unconditional,-,-,unconditional
unconscious,1,adjective,inconscious
unconstitutional,-,-,unconstitutional
uncover,-,-,uncover
under,-,adverb,under
underestimate,1,verb,underestimate
undergo,-,-,undergo
undergraduate,-,-,undergraduate
underground,1,adjective,underground
underline,-,-,underline
underlying,-,-,underlying
undermine,-,-,undermine
underneath,1,preposition adverb,underneath
underpants,-,-,underpants
underpin,-,-,underpin
underscore,-,-,underscore
understand,-,-,understand
understandable,-,-,understandable
understanding,1,noun,understanding
understatement,-,-,understatement
undertake,-,-,undertake
undertaking,-,-,undertaking
underwater,-,-,underwater
underway,-,-,underway
underwear,-,-,underware
undesirable,1,adjective,undesirable
undo,-,-,undo
undone,-,-,undone
undoubtedly,-,-,undoutedly
undress,1,verb,undress
uneasy,-,-,uneasy
unemployed,1,adjective,unemployed
unemployment,-,-,unemployment
unequal,-,-,unequal
uneven,-,-,uneven
unexpected,-,-,unexpected
unfair,-,-,unfair
unfaithful,-,-,unfaithful
unfamiliar,-,-,unfamiliar
unfashionable,-,-,unfashionable
unfinished,-,-,unfinished
unfold,-,-,unfold
unfortunate,1,adjective,disfortunate
unfortunately,-,-,disfortunately
unfounded,-,-,unfounded
unfriendly,-,-,unfriendly
unhappy,-,-,unhappy
unhealthy,-,-,unhealthy
unhurt,-,-,unhurt
unification,-,-,unification
uniform,1,noun,uniform
uniform,2,adjective,uniform
uniformity,-,-,uniformity
unify,-,-,unify
unilateral,-,-,unilateral
union,-,-,union
unique,-,-,unic
uniquely,-,-,uniquely
unit,-,-,unit
unite,-,-,unite
united,-,-,united
unity,-,-,unity
universal,-,-,universal
universally,-,-,universally
universe,-,-,universe
university,-,-,university
unjust,-,-,unjust
unkind,-,-,unkind
unknown,1,adjective adverb,unknone
unlawful,-,-,unlawful
unleash,-,-,unleash
unless,-,-,unless
unlike,1,preposition,unlike
unlikely,-,-,unlikely
unlimited,-,-,unlimited
unload,-,-,unload
unlock,-,-,unlock
unmarried,-,-,unmarried
unmistakable,-,-,unmistakable
unnatural,-,-,unnatural
unnecessary,-,-,innecessary
unofficial,-,-,unofficial
unorthodox,-,-,unorthodox
unpack,-,-,unpack
unpaid,-,-,unpaid
unpleasant,-,-,inplacent
unplug,-,-,unplug
unpopular,-,-,unpopular
unprecedented,-,-,unprecedented
unpredictable,-,-,unpredictable
unravel,-,-,unravel
unreal,-,-,unreal
unrealistic,-,-,unrealistic
unreasonable,-,-,unreasonable
unrelated,-,-,unrelated
unreliable,-,-,unreliable
unrest,-,-,unrest
unsafe,-,-,unsafe
unsatisfactory,-,-,unsatisfactory
unscrupulous,-,-,unscrupulous
unseen,1,adjective,unseen
unskilled,-,-,unskilled
unspecified,-,-,unspecified
unspoiled,-,-,unspoiled
unstable,-,-,unstable
unsuccessful,-,-,unsuccessful
unsuitable,-,-,unsuitable
unsure,-,-,unsure
until,-,conjunction,until
untouched,-,-,untouched
untrained,-,-,untrained
unused,1,adjective,unused
unusual,-,-,unusual
unusually,-,-,unusually
unveil,-,-,unveil
unwanted,-,-,unwanted
unwell,-,-,unwell
unwilling,-,-,unwilling
unwise,-,-,unwise
unwrap,-,-,unwrap
unzip,-,-,unzip
up,1,adverb preposition adjective,up
upbringing,-,-,upbringing
upcoming,-,-,upcumming
update,1,verb,update
update,2,noun,update
upgrade,-,-,upgrade
upheaval,-,-,upheaval
uphold,-,-,uphold
upload,1,verb,upload
upon,-,-,upon
upper,1,adjective,upper
upper,-,noun,upper
upright,1,adjective adverb,upright
uprising,-,-,uprising
upset,1,adjective,upset
upset,2,verb,upset
upside,-,1 adverb,upside
upstairs,1,adverb,upstairs
up-to-date,-,-,up-to-date
upward,-,-,upward
upwards,-,-,upwards
urban,-,-,urban
urge,1,verb,urge
urge,2,noun,urge
urgency,-,-,urgency
urgent,-,-,urgent
us,-,-,us
usage,-,-,usage
use,1,verb,use
use,2,noun,use
used,1,adjective,used
used,2,adjective,used
used,-,modal verb,used
useful,-,-,useful
usefulness,-,-,usefulness
useless,-,-,useless
user,-,-,user
user-friendly,-,-,user-friendly
user,-,noun,user
usher,1,verb,usher
usual,-,-,usual
usually,-,-,usually
utensil,-,-,utensil
utility,-,-,utility
utilize,-,-,utilize
utter,1,adjective,utter
utter,2,verb,utter
utterly,-,-,utterly
vacancy,-,-,vacancy
vacant,-,-,vacant
vacation,1,noun,vacation
vaccine,-,-,vaccine
vacuum,1,noun,vacuüm
vacuum,2,verb,vacuüm
vague,-,-,vague
vaguely,-,-,vaguely
vain,-,-,vain
valid,-,-,valid
validate,-,-,validate
valley,-,-,valley
valuable,-,-,valuable
value,1,noun,value
value,2,verb,value
valve,-,-,valve
van,-,-,van
vandalism,-,-,vandalism
vandalize,-,-,vandalize
vanilla,1,noun,vanilla
vanilla,2,adjective,vanilla
vanish,-,-,vannish
vanity,-,-,vanity
vapour,-,-,vapour
variable,1,adjective,variable
variable,2,noun,variable
variant,-,-,variant
variation,-,-,variation
varied,-,-,varied
variety,-,-,variety
various,-,-,various
variously,-,-,variously
vary,-,-,vary
vase,-,-,vase
vast,-,-,vast
vastly,-,-,vastly
vault,1,noun,vault
vegetable,1,noun,vegetable
vegetarian,-,-,vegetarian
vegetation,-,-,vegetation
vehicle,-,-,vehicle
veil,1,noun,veil
vein,-,-,veyn
velocity,-,-,velocity
velvet,-,-,velvet
vengeance,-,-,vengeance
venture,1,noun,venture
venture,2,verb,venture
venue,-,-,venue
verb,-,-,verb
verbal,1,adjective,verbal
verdict,-,-,verdict
verge,1,noun,verge
verify,-,-,verify
versatile,-,-,versatile
verse,-,-,verse
version,-,-,version
versus,-,-,versus
vertical,1,adjective,vertical
very,1,adverb,very
very,2,adjective,very
vessel,-,-,vessel
vest,1,noun,vest
vet,1,noun,vet
veteran,-,-,veteran
veterinarian,-,-,veterinarian
veto,1,verb,veto
veto,2,noun,veto
via,-,-,via
viable,-,-,viäble
vibrant,-,-,vibrant
vibrate,-,-,vibrate
vibration,-,-,vibration
vice,-,adverb,vice
vicinity,-,-,vicinity
vicious,-,-,vicious
victim,-,-,victim
victorious,-,-,victorious
victory,-,-,victory
video,1,noun,video
view,1,noun,view
view,2,verb,view
viewer,-,-,viewer
viewpoint,-,-,view point
vigorous,-,-,vigorous
vigorously,-,-,vigorously
village,-,-,village
villager,-,-,villager
villain,-,-,villain
vine,-,-,vine
vinegar,-,-,vinegar
vineyard,-,-,vineyard
vintage,1,adjective,vintage
violate,-,-,violate
violation,-,-,violation
violence,-,-,violence
violent,-,-,violent
violently,-,-,violently
violin,-,-,violin
viral,1,adjective,viral
virtual,-,-,virtual
virtually,-,-,virtually
virtue,-,-,virtue
virus,-,-,virus
visa,-,-,visa
visibility,-,-,visibility
visible,-,-,visible
vision,-,-,vision
visit,1,verb,visit
visit,2,noun,visit
visitor,-,-,visitor
visual,1,adjective,visual
visualize,-,-,visualize
visually,-,-,visually
vital,-,-,vital
vitality,-,-,vitality
vitamin,-,-,vitamin
vivid,-,-,vivid
vocabulary,-,-,vocabulary
vocal,1,adjective,vocal
vocational,-,-,vocational
voice,1,noun,voice
voice,2,verb,voice
voicemail,-,-,voicemail
void,1,noun,void
void,2,adjective,void
volatile,-,-,volatile
volcano,-,-,volcano
volleyball,-,-,volleyball
volt,-,-,volt
voltage,-,-,voltage
volume,-,-,volume
voluntarily,-,-,voluntarily
voluntary,1,adjective,voluntary
volunteer,1,noun,volunteer
volunteer,2,verb,volunteer
vomit,1,verb,vomit
vomit,2,noun,vomit
vote,1,verb,vote
vote,2,noun,vote
voter,-,-,voter
voucher,-,-,voucher
vow,1,noun,vow
vow,2,verb,vow
vowel,-,-,vowel
voyage,1,noun,voyage
vulgar,-,-,vulgar
vulnerable,-,-,vulnerable
wade,-,-,wade
wag,1,verb,wag
wage,1,noun,wage
wagon,-,-,wagon
waist,-,-,waist
wait,1,verb,wait
wait,2,noun,wait
waiter,-,-,waiter
waitress,-,-,waitress
wake,1,verb,wake
walk,1,verb,walk
walk,2,noun,walk
walker,-,-,walker
wall,1,noun,wall
wallet,-,-,wallet
wallpaper,1,noun,wallpaper
wander,1,verb,wander
want,1,verb,want
want,2,noun,want
wanted,-,-,wanted
war,-,-,war
ward,1,noun,ward
wardrobe,-,-,wardrobe
warehouse,-,-,ware-house
warfare,-,-,warfare
warm,1,adjective,warm
warm,2,verb,warm
warmly,-,-,warmly
warmth,-,-,warmth
warn,-,-,warn
warning,1,noun,warning
warrant,1,noun,warrant
warrant,2,verb,warrant
warranty,-,-,warranty
warrior,-,-,war fighter
wartime,-,-,wartime
wary,-,-,wary
wash,1,verb,wash
wash,2,noun,wash
washing,-,-,washing
washing,-,noun,washing
washing,-,noun,washing
washing-up,-,-,washing-up
washing-up,-,noun,washing-up
wasp,-,-,wasp
waste,1,noun,waste
waste,2,verb,waste
waste,3,adjective,waste
wasteful,-,-,wasteful
wastepaper,-,noun,wastepaper
watch,1,verb,watch
watch,2,noun,watch
water,1,noun,water
water,2,verb,water
waterfall,-,-,waterfall
watt,-,-,watt
wave,1,noun,wave
wave,2,verb,wave
wavelength,-,-,wavelength
wax,1,noun,wax
way,1,noun,way
way,2,adverb,way
way,-,life noun,way
we,-,-,we
weak,-,-,weak
weaken,-,-,weaken
weakness,-,-,weakness
wealth,-,-,welth
wealthy,-,-,wealthy
weapon,-,-,weppon
wear,1,verb,ware
wear,2,noun,ware
weary,1,adjective,weary
weather,1,noun,weddher
weave,1,verb,weave
web,-,-,web
webpage,-,-,webpage
website,-,-,website
wedding,-,-,wedding
wedge,1,noun,wedge
Wednesday,-,-,Wensday
weed,1,noun,weed
week,-,-,week
weekend,1,noun,weekend
weekly,1,adjective,weekly
weep,-,-,weep
weigh,-,-,weigh
weight,1,noun,weight
weird,1,adjective,weïrd
welcome,1,interjection,welcom
welcome,2,adjective,welcom
welcome,3,verb,welcom
welcome,4,noun,welcom
welfare,-,-,welfare
well,1,adverb,well
well,2,interjection,well
well,3,adjective,well
well,4,noun,well
well-being,-,-,well-being
well-established,-,-,well-established
well-known,-,-,well-known
west,1,noun,west
west,2,adjective,west
west,3,adverb,west
western,1,adjective,western
wet,1,adjective,wet
wet,2,verb,wet
whale,1,noun,whale
what,-,determiner predetermi,what
whatever,1,determiner pronoun,whatever
whatever,2,adverb,whatever
whatsoever,-,-,what-so-ever
wheat,-,-,wheat
wheel,1,noun,wheel
wheel,2,verb,wheel
wheelchair,-,-,wheelchair
when,-,conjunction pronoun,when
whenever,-,conjunction,whenever
where,-,conjunction pronoun,where
whereabouts,1,adverb,whereabouts
whereabouts,2,noun,whereabouts
whereas,-,-,whereas
whereby,-,-,whereby
wherever,-,-,wherever
whether,-,-,whether
which,-,pronoun,which
whichever,-,pronoun,whichever
while,1,conjunction,while
while,2,noun,while
whilst,-,-,whilst
whip,1,verb,whip
whisk,1,verb,whisk
whisker,-,-,whisker
whisky,-,-,whisky
whisper,1,verb,whisper
whisper,2,noun,whisper
whistle,1,verb,whistle
whistle,2,noun,whistle
white,1,adjective,white
white,2,noun,white
who,-,-,who
whoever,-,-,whoever
whole,1,adjective,'hole
whole,2,noun,'hole
wholesale,1,noun,wholesale
wholesale,2,adjective,wholesale
wholly,-,-,'holy
whom,-,-,whom
whoops,-,-,whoops
whose,-,pronoun,whose
why,1,adverb,why
wicked,-,-,wicked
wide,1,adjective,wide
wide,2,adverb,wide
widely,-,-,widely
widen,-,-,widen
wide-ranging,-,-,wide-ranging
widespread,-,-,wide-spred
widow,-,-,widdow
width,-,-,width
wield,-,-,wield
wife,-,-,wife
wi-fi,-,-,wi-fi
wig,1,noun,wig
wild,1,adjective,wîld
wilderness,-,-,wilderness
wildlife,-,-,wîld life
wildly,-,-,wildly
will,1,modal verb,will
will,2,noun,will
willing,-,-,willing
willingness,-,-,willingness
wildlife,-,-,wîld life
wildly,-,-,wildly
will,1,modal verb,will
will,2,noun,will
willing,-,-,willing
willingness,-,-,willingness
win,1,verb,win
win,2,noun,win
wind,1,noun,[wind, wînd]
wind,2,verb,[wind, wînd]
window,-,-,windo
windscreen,-,-,windscreen
windshield,-,-,windshield
windy,-,-,windy
wine,1,noun,wine
wing,1,noun,wing
wink,1,verb,wink
wink,2,noun,wink
winner,-,-,winner
winning,-,-,winning
winter,1,noun,winter
wipe,1,verb,wipe
wire,1,noun,wire
wire,2,verb,wire
wireless,1,adjective,wireless
wisdom,-,-,wisdom
wise,1,adjective,wise
wish,1,verb,wish
wish,2,noun,wish
wit,-,-,wit
witch,-,-,witch
with,-,-,with
withdraw,-,-,withdraw
withdrawal,-,-,withdrawïng
withhold,-,-,withhold
within,-,adverb,within
without,-,adverb,without
withstand,-,-,withstand
witness,1,noun,witness
witness,2,verb,witness
witty,-,-,witty
wizard,-,-,wizard
woe,-,-,woe
wolf,1,noun,wwlf
woman,-,-,woman
womb,-,-,womb
wonder,1,verb,wonder
wonder,2,noun,wonder
wonderful,-,-,wonderful
wonderfully,-,-,wonderfully
wood,-,-,wwd
wooden,-,-,wwdden
woodland,-,-,woodland
wool,-,-,wwl
word,1,noun,word
word,2,verb,word
wording,-,-,wording
work,1,verb,work
work,2,noun,work
worker,-,-,worker
workforce,-,-,work force
working,1,adjective,working
working,-,noun,working
workload,-,-,workload
workman,-,-,workman
work,-,art noun,work
workplace,-,-,work place
workshop,-,-,work shop
workstation,-,-,workstation
world,1,noun,world
world,2,adjective,world
world-class,-,-,world-class
worldwide,-,adverb,worldwide
worm,1,noun,worm
worn,2,adjective,worn
worried,-,-,worried
worry,1,verb,worry
worry,2,noun,worry
worrying,-,-,worrying
worse,1,adjective,worse
worse,2,adverb,worse
worsen,-,-,worsen
worship,1,verb,worship
worship,2,noun,worship
worst,1,adjective,worst
worst,2,noun,worst
worth,1,adjective,worth
worth,2,noun,worth
worthless,-,-,worthless
worthwhile,-,-,worthwhile
worthy,1,adjective,worthy
would,-,verb,would
would-be,-,-,would-be
wound,1,noun,wound
wound,2,verb,wound
wounded,-,-,wounded
wow,1,interjection,wow
wrap,1,verb,wrap
wrap,2,noun,wrap
wreck,1,verb,wreck
wreck,2,noun,wreck
wreckage,-,-,wreckage
wrestle,-,-,wrestle
wrist,-,-,wrist
write,-,-,write
writer,-,-,writer
writing,-,-,writing
written,2,adjective,written
wrong,1,adjective,wrong
wrong,2,adverb,wrong
wrong,3,noun,wrong
wrongly,-,-,wrongly
X-ray,1,noun,X-ray
yacht,-,-,yacht
yard,-,-,yard
yarn,-,-,yarn
yawn,1,verb,yawn
yawn,2,noun,yawn
yeah,-,-,yeah
year,-,-,year
yearly,-,-,yearly
yell,1,verb,yell
yellow,1,adjective,yello
yellow,2,noun,yello
yes,1,adverb,yes
yesterday,1,adverb,yesterday
yet,1,adverb,yet
yet,2,conjunction,yet
yield,1,verb,yeeld
yield,2,noun,yeeld
yogurt,-,-,yogurt
you,-,-,you
young,1,adjective,young
youngster,-,-,yungster
your,-,-,your
yours,-,-,yours
yourself,-,-,yourself
youth,-,-,yuth
youthful,-,-,youthful
yummy,-,-,yummy
zebra,-,noun,zebra
zero,1,number,zero
zip,1,noun,zip
zip,-,noun,zip
zipper,-,-,zipper
zone,1,noun,zone
zoo,-,-,zoo
